1;20718;695,000;0,000
1;36260;182,000;0,000
1;51705;186,000;0,000
1;67151;184,000;0,000
1;82695;182,000;0,000
1;98141;184,000;0,000
1;113658;185,000;0,000
1;129222;184,000;0,000
1;144885;187,000;0,000
1;160224;185,000;0,000
1;175730;182,000;0,000
1;191226;178,000;0,000
1;206763;184,000;0,000
1;222383;179,000;0,000
1;237837;184,000;0,000
1;253353;167,000;0,000
1;269191;96,000;0,000
1;284735;174,000;0,000
1;300329;182,000;0,000
1;315847;171,000;0,000
1;331354;168,000;0,000
1;346895;168,000;0,000
1;362426;180,000;0,000
1;378010;178,000;0,000
1;393634;164,000;0,000
1;409176;178,000;0,000
1;424625;182,000;0,000
1;440199;172,000;0,000
1;455742;175,000;0,000
1;471277;181,000;0,000
1;486848;161,000;0,000
2;501517;344,000;0,000
2;516208;341,000;0,000
2;530928;336,000;0,000
2;545598;338,000;0,000
2;560330;333,000;0,000
2;575065;341,000;0,000
2;589819;333,000;0,000
2;604404;371,000;0,000
2;619150;332,000;0,000
2;633781;348,000;0,000
2;648618;325,000;0,000
2;663317;333,000;0,000
2;678807;357,000;0,000
2;692778;307,000;0,000
2;707582;327,000;0,000
2;722186;373,000;0,000
2;736987;312,000;0,000
2;751840;325,000;0,000
2;766300;372,000;0,000
2;781041;329,000;0,000
2;795749;336,000;0,000
2;810532;324,000;0,000
2;825071;371,000;0,000
2;839910;325,000;0,000
2;854421;379,000;0,000
2;869186;322,000;0,000
2;883780;370,000;0,000
2;898586;318,000;0,000
2;913203;368,000;0,000
2;927982;321,000;0,000
2;942782;317,000;0,000
3;956568;534,000;0,000
3;970653;464,000;0,000
3;983713;465,000;0,000
3;998465;532,000;0,000
3;1012198;539,000;0,000
3;1019626;300,000;0,000
3;1019574;10,000;0,000
3;1019528;9,000;0,000
3;1075472;20,000;0,000
3;1089270;531,000;0,000
3;1101274;384,000;0,000
3;1101222;10,000;0,000
3;1117704;9,000;0,000
3;1150014;462,000;0,000
3;1164853;296,000;0,000
3;1178912;445,000;0,000
3;1192873;488,000;0,000
3;1206781;492,000;0,000
3;1220637;499,000;0,000
3;1234562;483,000;0,000
3;1248547;483,000;0,000
3;1262519;488,000;0,000
3;1276510;481,000;0,000
3;1290480;487,000;0,000
3;1304382;487,000;0,000
3;1318388;481,000;0,000
3;1332327;470,000;0,000
3;1345959;549,000;0,000
3;1361459;448,000;0,000
3;1374050;492,000;0,000
3;1388076;460,000;0,000
4;1401384;609,000;0,000
4;1414326;686,000;0,000
4;1427852;566,000;0,000
4;1441247;599,000;0,000
4;1454571;605,000;0,000
4;1468071;596,000;0,000
4;1470621;155,000;0,000
4;1470560;12,000;0,000
4;1470503;11,000;0,000
4;1470434;13,000;0,000
4;1546998;224,000;0,000
4;1559850;636,000;0,000
4;1573906;553,000;0,000
4;1586860;590,000;0,000
4;1600124;621,000;0,000
4;1613422;602,000;0,000
4;1626766;607,000;0,000
4;1640096;605,000;0,000
4;1653339;622,000;0,000
4;1666472;636,000;0,000
4;1679943;564,000;0,000
4;1694157;607,000;0,000
4;1706495;614,000;0,000
4;1719651;642,000;0,000
4;1733607;581,000;0,000
4;1746931;610,000;0,000
4;1759878;598,000;0,000
4;1773114;626,000;0,000
4;1786486;590,000;0,000
4;1799749;618,000;0,000
4;1813060;610,000;0,000
5;1825611;767,000;0,000
5;1838056;782,000;0,000
5;1847060;520,000;0,000
5;1866999;171,000;0,000
5;1879632;730,000;0,000
5;1892169;755,000;0,000
5;1904667;772,000;0,000
5;1917277;744,000;0,000
5;1927547;566,000;0,000
5;1927486;12,000;0,000
5;1927395;18,000;0,000
5;1927329;13,000;0,000
5;1993426;342,000;0,000
5;2006308;789,000;0,000
5;2018462;744,000;0,000
5;2031058;742,000;0,000
5;2043623;747,000;0,000
5;2056210;746,000;0,000
5;2068740;755,000;0,000
5;2081589;699,000;0,000
5;2094019;780,000;0,000
5;2106906;689,000;0,000
5;2119630;729,000;0,000
5;2132047;794,000;0,000
5;2144665;751,000;0,000
5;2157146;773,000;0,000
5;2169900;707,000;0,000
5;2182476;761,000;0,000
5;2195056;770,000;0,000
5;2207862;694,000;0,000
5;2220422;770,000;0,000
6;2232473;878,000;0,000
6;2244407;903,000;0,000
6;2256374;878,000;0,000
6;2268697;802,000;0,000
6;2272029;319,000;0,000
6;2271932;19,000;0,000
6;2313895;341,000;0,000
6;2326022;837,000;0,000
6;2338178;821,000;0,000
6;2350122;879,000;0,000
6;2363490;580,000;0,000
6;2375467;879,000;0,000
6;2387654;834,000;0,000
6;2400923;911,000;0,000
6;2411707;822,000;0,000
6;2423571;897,000;0,000
6;2435473;890,000;0,000
6;2447349;892,000;0,000
6;2460155;853,000;0,000
6;2465861;491,000;0,000
6;2488422;199,000;0,000
6;2500639;831,000;0,000
6;2512584;873,000;0,000
6;2524548;891,000;0,000
6;2536430;877,000;0,000
6;2546102;682,000;0,000
6;2561097;15,000;0,000
6;2577406;869,000;0,000
6;2589877;782,000;0,000
6;2601593;925,000;0,000
6;2613774;822,000;0,000
7;2625026;1029,000;0,000
7;2636336;1013,000;0,000
7;2647744;998,000;0,000
7;2647889;45,000;0,000
7;2647783;21,000;0,000
7;2692583;668,000;0,000
7;2704047;976,000;0,000
7;2715330;1023,000;0,000
7;2726867;964,000;0,000
7;2738501;934,000;0,000
7;2751605;622,000;0,000
7;2763148;970,000;0,000
7;2774471;998,000;0,000
7;2786029;959,000;0,000
7;2797739;939,000;0,000
7;2809463;920,000;0,000
7;2820604;1045,000;0,000
7;2832057;987,000;0,000
7;2843864;906,000;0,000
7;2855155;1016,000;0,000
7;2858983;407,000;0,000
7;2884157;305,000;0,000
7;2895644;981,000;0,000
7;2907506;894,000;0,000
7;2918822;1002,000;0,000
7;2930366;963,000;0,000
7;2941648;1020,000;0,000
7;2952907;1013,000;0,000
7;2964076;1040,000;0,000
7;2975341;1024,000;0,000
7;2987023;925,000;0,000
8;2997763;1126,000;0,000
8;3004887;703,000;0,000
8;3004782;21,000;0,000
8;3042237;83,000;0,000
8;3052937;1138,000;0,000
8;3064071;1032,000;0,000
8;3074647;1147,000;0,000
8;3085984;1090,000;0,000
8;3096376;1118,000;0,000
8;3107523;1029,000;0,000
8;3118519;1074,000;0,000
8;3129877;1005,000;0,000
8;3140543;1141,000;0,000
8;3151239;1136,000;0,000
8;3160674;966,000;0,000
8;3168027;22,000;0,000
8;3190000;1028,000;0,000
8;3200902;1093,000;0,000
8;3211707;1097,000;0,000
8;3223107;996,000;0,000
8;3223677;105,000;0,000
8;3250789;835,000;0,000
8;3261576;1115,000;0,000
8;3272687;1036,000;0,000
8;3284193;1096,000;0,000
8;3294545;1082,000;0,000
8;3305637;1050,000;0,000
8;3316465;1106,000;0,000
8;3317878;217,000;0,000
8;3317773;21,000;0,000
8;3317652;24,000;0,000
9;3377329;488,000;0,000
9;3387548;1237,000;0,000
9;3397787;1234,000;0,000
9;3408329;1255,000;0,000
9;3418100;1216,000;0,000
9;3428562;1172,000;0,000
9;3439010;1175,000;0,000
9;3448889;1295,000;0,000
9;3461789;660,000;0,000
9;3472180;1198,000;0,000
9;3483026;1095,000;0,000
9;3493858;1164,000;0,000
9;3503656;1255,000;0,000
9;3520119;485,000;0,000
9;3529825;800,000;0,000
9;3540422;1139,000;0,000
9;3550743;1181,000;0,000
9;3560773;1277,000;0,000
9;3571440;1134,000;0,000
9;3582095;1126,000;0,000
9;3593066;1214,000;0,000
9;3602896;1163,000;0,000
9;3613092;1219,000;0,000
9;3619558;771,000;0,000
9;3619422;27,000;0,000
9;3657116;111,000;0,000
9;3667447;1216,000;0,000
9;3678162;1122,000;0,000
9;3688868;1215,000;0,000
9;3698865;1186,000;0,000
9;3709735;1083,000;0,000
10;3719937;1226,000;0,000
10;3730928;1205,000;0,000
10;3740334;1267,000;0,000
10;3750770;1323,000;0,000
10;3760194;1241,000;0,000
10;3770428;1227,000;0,000
10;3781816;997,000;0,000
10;3793659;975,000;0,000
10;3804446;1251,000;0,000
10;3815426;363,000;0,000
10;3815332;18,000;0,000
10;3815201;26,000;0,000
10;3860535;1040,000;0,000
10;3871245;1292,000;0,000
10;3880493;1243,000;0,000
10;3890510;1247,000;0,000
10;3900499;1271,000;0,000
10;3910423;1275,000;0,000
10;3920564;1213,000;0,000
10;3930657;1252,000;0,000
10;3940776;1238,000;0,000
10;3950344;1363,000;0,000
10;3960322;1277,000;0,000
10;3974363;458,000;0,000
10;4005904;16,000;0,000
10;4006238;14,000;0,000
10;4022077;106,000;0,000
10;4037523;43,000;0,000
10;4050287;706,000;0,000
10;4065185;221,000;0,000
10;4075779;1141,000;0,000
11;4077574;400,000;0,000
11;4077448;25,000;0,000
11;4077282;33,000;0,000
11;4135947;416,000;0,000
11;4144751;1496,000;0,000
11;4154351;1354,000;0,000
11;4166590;783,000;0,000
11;4176373;1294,000;0,000
11;4185965;1336,000;0,000
11;4196790;1309,000;0,000
11;4206188;1160,000;0,000
11;4216459;1283,000;0,000
11;4225270;1427,000;0,000
11;4234595;1400,000;0,000
11;4243583;1476,000;0,000
11;4253149;1344,000;0,000
11;4263388;1217,000;0,000
11;4287328;389,000;0,000
11;4295762;57,000;0,000
11;4311055;67,000;0,000
11;4322890;446,000;0,000
11;4334819;953,000;0,000
11;4346888;739,000;0,000
11;4349890;609,000;0,000
11;4349756;26,000;0,000
11;4349590;33,000;0,000
11;4407065;209,000;0,000
11;4415964;1488,000;0,000
11;4425987;1258,000;0,000
11;4436062;1240,000;0,000
11;4455846;1372,000;0,000
12;4467100;0,000;0,000
12;4476083;1478,000;0,000
12;4488234;795,000;0,000
12;4497056;1504,000;0,000
12;4507664;1392,000;0,000
12;4515740;1398,000;0,000
12;4526323;1120,000;0,000
12;4534958;1526,000;0,000
12;4545033;1256,000;0,000
12;4554550;1354,000;0,000
12;4563785;1407,000;0,000
12;4572549;1511,000;0,000
12;4576706;611,000;0,000
12;4576537;33,000;0,000
12;4576380;31,000;0,000
12;4632597;254,000;0,000
12;4641270;1538,000;0,000
12;4651837;1193,000;0,000
12;4660825;1405,000;0,000
12;4669619;1492,000;0,000
12;4680125;1168,000;0,000
12;4690124;1246,000;0,000
12;4702508;763,000;0,000
12;4711649;1433,000;0,000
12;4720329;1517,000;0,000
12;4729440;1438,000;0,000
12;4738559;1442,000;0,000
12;4747365;1519,000;0,000
12;4756590;1427,000;0,000
12;4765437;1462,000;0,000
12;4774624;1419,000;0,000
13;4784329;1577,000;0,000
13;4791549;1569,000;0,000
13;4800190;1538,000;0,000
13;4808887;1509,000;0,000
13;4819775;1074,000;0,000
13;4828040;1600,000;0,000
13;4836755;1517,000;0,000
13;4844616;1685,000;0,000
13;4853769;1649,000;0,000
13;4861257;1557,000;0,000
13;4867931;1405,000;0,000
13;4867750;36,000;0,000
13;4867554;39,000;0,000
13;4912735;1187,000;0,000
13;4921101;1583,000;0,000
13;4929507;1596,000;0,000
13;4938813;1385,000;0,000
13;4946751;1688,000;0,000
13;4955404;1542,000;0,000
13;4963820;1552,000;0,000
13;4973373;1546,000;0,000
13;4981981;1480,000;0,000
13;4990571;1425,000;0,000
13;4998659;1637,000;0,000
13;5007788;1440,000;0,000
13;5015862;1653,000;0,000
13;5017143;354,000;0,000
13;5016973;34,000;0,000
13;5016790;36,000;0,000
13;5075825;500,000;0,000
13;5084385;1631,000;0,000
14;5091567;1757,000;0,000
14;5099386;1697,000;0,000
14;5108528;1426,000;0,000
14;5118563;1236,000;0,000
14;5127014;1575,000;0,000
14;5134981;1661,000;0,000
14;5143417;1571,000;0,000
14;5151444;1655,000;0,000
14;5159488;1644,000;0,000
14;5168232;1621,000;0,000
14;5175683;1666,000;0,000
14;5184096;1584,000;0,000
14;5192177;1645,000;0,000
14;5199623;1762,000;0,000
14;5208067;1568,000;0,000
14;5218210;1539,000;0,000
14;5225604;1466,000;0,000
14;5232955;1784,000;0,000
14;5237812;1124,000;0,000
14;5237643;33,000;0,000
14;5275391;50,000;0,000
14;5282741;1770,000;0,000
14;5290746;1655,000;0,000
14;5298721;1663,000;0,000
14;5306819;1646,000;0,000
14;5315693;1483,000;0,000
14;5323553;1683,000;0,000
14;5332114;1551,000;0,000
14;5339815;1706,000;0,000
14;5347966;1641,000;0,000
14;5356220;1612,000;0,000
15;5364500;1606,000;0,000
15;5373535;1476,000;0,000
15;5384034;1105,000;0,000
15;5392715;1745,000;0,000
15;5399102;1752,000;0,000
15;5407241;1697,000;0,000
15;5414363;1774,000;0,000
15;5421726;1293,000;0,000
15;5421545;36,000;0,000
15;5421334;42,000;0,000
15;5421108;45,000;0,000
15;5480569;1498,000;0,000
15;5487516;1879,000;0,000
15;5494813;1788,000;0,000
15;5502570;1722,000;0,000
15;5510073;1747,000;0,000
15;5518784;1698,000;0,000
15;5525826;1678,000;0,000
15;5533368;1746,000;0,000
15;5541104;1713,000;0,000
15;5548902;1690,000;0,000
15;5557100;1630,000;0,000
15;5564700;1734,000;0,000
15;5572336;1728,000;0,000
15;5579836;1757,000;0,000
15;5587273;1773,000;0,000
15;5594291;1863,000;0,000
15;5602651;1582,000;0,000
15;5611349;1756,000;0,000
15;5612128;364,000;0,000
15;5634186;1331,000;0,000
16;5641708;1759,000;0,000
16;5649416;1727,000;0,000
16;5656511;1848,000;0,000
16;5662924;1984,000;0,000
16;5670512;1738,000;0,000
16;5677876;1790,000;0,000
16;5679458;649,000;0,000
16;5679265;38,000;0,000
16;5718333;916,000;0,000
16;5726196;1840,000;0,000
16;5732990;1751,000;0,000
16;5740779;1709,000;0,000
16;5748368;1927,000;0,000
16;5754124;1936,000;0,000
16;5761244;1844,000;0,000
16;5769295;1728,000;0,000
16;5775958;1860,000;0,000
16;5782825;1897,000;0,000
16;5790849;1664,000;0,000
16;5794321;912,000;0,000
16;5794112;41,000;0,000
16;5831994;467,000;0,000
16;5838391;1977,000;0,000
16;5845190;1916,000;0,000
16;5852075;1896,000;0,000
16;5859459;1833,000;0,000
16;5866259;1868,000;0,000
16;5874494;1879,000;0,000
16;5880597;1784,000;0,000
16;5888079;1764,000;0,000
16;5895468;1780,000;0,000
17;5905467;1251,000;0,000
17;5912783;1808,000;0,000
17;5918164;1191,000;0,000
17;5936284;572,000;0,000
17;5943900;1820,000;0,000
17;5951512;1949,000;0,000
17;5957142;1865,000;0,000
17;5964159;1871,000;0,000
17;5970913;1909,000;0,000
17;5977672;1906,000;0,000
17;5985328;1731,000;0,000
17;5992345;1844,000;0,000
17;5998229;2084,000;0,000
17;6004686;1974,000;0,000
17;6009528;1616,000;0,000
17;6009306;44,000;0,000
17;6045533;61,000;0,000
17;6051258;1944,000;0,000
17;6057987;1934,000;0,000
17;6063808;2094,000;0,000
17;6070674;1887,000;0,000
17;6078025;1787,000;0,000
17;6085602;1740,000;0,000
17;6092203;1935,000;0,000
17;6098509;2001,000;0,000
17;6105191;1929,000;0,000
17;6111639;1973,000;0,000
17;6118902;1819,000;0,000
17;6125607;1991,000;0,000
17;6131268;2090,000;0,000
17;6140063;1506,000;0,000
18;6139905;70,000;0,000
18;6139638;53,000;0,000
18;6139331;61,000;0,000
18;6197499;1258,000;0,000
18;6203062;2152,000;0,000
18;6208903;2085,000;0,000
18;6214596;2123,000;0,000
18;6220591;2058,000;0,000
18;6226798;2029,000;0,000
18;6233031;1994,000;0,000
18;6238699;2120,000;0,000
18;6244207;2151,000;0,000
18;6250713;1958,000;0,000
18;6257653;1873,000;0,000
18;6263483;2083,000;0,000
18;6269377;2082,000;0,000
18;6276209;1901,000;0,000
18;6282411;2023,000;0,000
18;6288339;2065,000;0,000
18;6294359;2062,000;0,000
18;6300899;1988,000;0,000
18;6306623;2101,000;0,000
18;6313586;1863,000;0,000
18;6320008;1977,000;0,000
18;6326161;2243,000;0,000
18;6330982;2101,000;0,000
18;6337310;1994,000;0,000
18;6339462;750,000;0,000
18;6339227;47,000;0,000
18;6338967;52,000;0,000
18;6394556;604,000;0,000
19;6399174;2350,000;0,000
19;6404033;2293,000;0,000
19;6410502;1986,000;0,000
19;6416412;2066,000;0,000
19;6422407;2064,000;0,000
19;6429361;2122,000;0,000
19;6434567;1978,000;0,000
19;6440554;2065,000;0,000
19;6445474;2272,000;0,000
19;6451575;2032,000;0,000
19;6457319;2104,000;0,000
19;6464532;1806,000;0,000
19;6470087;2144,000;0,000
19;6475514;2176,000;0,000
19;6481468;2073,000;0,000
19;6487581;2133,000;0,000
19;6493091;2061,000;0,000
19;6499543;2100,000;0,000
19;6503093;1930,000;0,000
19;6502845;49,000;0,000
19;6502597;49,000;0,000
19;6502311;57,000;0,000
19;6560738;1779,000;0,000
19;6566707;2054,000;0,000
19;6572056;2208,000;0,000
19;6577531;2165,000;0,000
19;6583261;2113,000;0,000
19;6589322;2038,000;0,000
19;6595356;2077,000;0,000
19;6600903;2140,000;0,000
19;6606822;2075,000;0,000
20;6612611;2214,000;0,000
20;6617409;2196,000;0,000
20;6622594;2223,000;0,000
20;6628617;2072,000;0,000
20;6634329;2119,000;0,000
20;6639210;2272,000;0,000
20;6645264;2062,000;0,000
20;6651054;2111,000;0,000
20;6656287;2219,000;0,000
20;6664738;1573,000;0,000
20;6669283;2337,000;0,000
20;6674308;2275,000;0,000
20;6679587;2204,000;0,000
20;6684598;2254,000;0,000
20;6689483;2305,000;0,000
20;6694550;2246,000;0,000
20;6700432;2077,000;0,000
20;6700852;661,000;0,000
20;6700591;52,000;0,000
20;6700290;60,000;0,000
20;6700009;56,000;0,000
20;6709668;68,000;0,000
20;6789307;708,000;0,000
20;6794621;2198,000;0,000
20;6797869;1490,000;0,000
20;6812280;1498,000;0,000
20;6817045;2298,000;0,000
20;6826464;1355,000;0,000
20;6831437;2271,000;0,000
20;6836257;2300,000;0,000
20;6839640;1588,000;0,000
21;6854265;1327,000;0,000
21;6858486;2438,000;0,000
21;6862619;2433,000;0,000
21;6867109;2364,000;0,000
21;6870061;1681,000;0,000
21;6884727;1297,000;0,000
21;6889173;2391,000;0,000
21;6893354;2431,000;0,000
21;6898017;2369,000;0,000
21;6902174;2404,000;0,000
21;6905821;1799,000;0,000
21;6921206;890,000;0,000
21;6925178;2489,000;0,000
21;6929461;2411,000;0,000
21;6934009;2361,000;0,000
21;6938288;2421,000;0,000
21;6942844;2365,000;0,000
21;6946347;1997,000;0,000
21;6960710;108,000;0,000
21;6973111;1596,000;0,000
21;6977149;2461,000;0,000
21;6981395;2422,000;0,000
21;6985490;2448,000;0,000
21;6990490;2280,000;0,000
21;6994262;2282,000;0,000
21;7008340;663,000;0,000
21;7014409;2054,000;0,000
21;7021179;1929,000;0,000
21;7025595;2386,000;0,000
21;7029785;2429,000;0,000
21;7033752;2468,000;0,000
22;7038315;2204,000;0,000
22;7053637;313,000;0,000
22;7061552;1694,000;0,000
22;7065382;2518,000;0,000
22;7068925;2558,000;0,000
22;7072587;2541,000;0,000
22;7076691;2462,000;0,000
22;7080757;2452,000;0,000
22;7093209;750,000;0,000
22;7097007;2520,000;0,000
22;7100515;2564,000;0,000
22;7104486;2472,000;0,000
22;7107870;2588,000;0,000
22;7111905;2456,000;0,000
22;7115700;2496,000;0,000
22;7125966;424,000;0,000
22;7134293;2367,000;0,000
22;7137833;2559,000;0,000
22;7142035;2431,000;0,000
22;7147229;2233,000;0,000
22;7151701;2362,000;0,000
22;7154007;455,000;0,000
22;7171360;2115,000;0,000
22;7176184;2308,000;0,000
22;7180373;2416,000;0,000
22;7189492;1446,000;0,000
22;7193493;2469,000;0,000
22;7201098;1749,000;0,000
22;7202255;519,000;0,000
22;7221258;1966,000;0,000
22;7228006;1939,000;0,000
23;7231248;2572,000;0,000
23;7236309;2253,000;0,000
23;7240986;2333,000;0,000
23;7245789;2303,000;0,000
23;7246814;799,000;0,000
23;7270547;724,000;0,000
23;7277498;1861,000;0,000
23;7282486;2305,000;0,000
23;7287009;2339,000;0,000
23;7291384;2389,000;0,000
23;7300157;1499,000;0,000
23;7310537;1203,000;0,000
23;7319004;1571,000;0,000
23;7320394;1081,000;0,000
23;7337090;1772,000;0,000
23;7341641;2358,000;0,000
23;7346785;2231,000;0,000
23;7354154;1785,000;0,000
23;7357705;2551,000;0,000
23;7359404;1166,000;0,000
23;7376143;1642,000;0,000
23;7379754;2554,000;0,000
23;7384003;2517,000;0,000
23;7387514;2462,000;0,000
23;7391261;2520,000;0,000
23;7393416;1302,000;0,000
23;7410601;1340,000;0,000
23;7414014;2583,000;0,000
23;7421175;1826,000;0,000
23;7429673;1552,000;0,000
23;7435389;2122,000;0,000
24;7438830;2599,000;0,000
24;7440777;1630,000;0,000
24;7457587;1110,000;0,000
24;7460857;2614,000;0,000
24;7465100;2421,000;0,000
24;7468592;2562,000;0,000
24;7472766;2480,000;0,000
24;7475770;1389,000;0,000
24;7493439;930,000;0,000
24;7496372;2678,000;0,000
24;7499873;2576,000;0,000
24;7503294;2624,000;0,000
24;7506733;2542,000;0,000
24;7509751;2662,000;0,000
24;7511749;1877,000;0,000
24;7527837;985,000;0,000
24;7530495;2743,000;0,000
24;7533610;2685,000;0,000
24;7536999;2548,000;0,000
24;7540153;2666,000;0,000
24;7543795;2507,000;0,000
24;7545576;1970,000;0,000
24;7562287;814,000;0,000
24;7571239;1475,000;0,000
24;7573702;2765,000;0,000
24;7577156;2577,000;0,000
24;7580095;2657,000;0,000
24;7582779;1986,000;0,000
24;7600448;422,000;0,000
24;7605095;2331,000;0,000
24;7607817;2718,000;0,000
25;7610474;2738,000;0,000
25;7613163;2735,000;0,000
25;7616047;2679,000;0,000
25;7620293;2429,000;0,000
25;7626363;2035,000;0,000
25;7630083;2138,000;0,000
25;7644672;151,000;0,000
25;7653692;2003,000;0,000
25;7656191;2811,000;0,000
25;7658483;2806,000;0,000
25;7661096;2723,000;0,000
25;7663623;2760,000;0,000
25;7666107;2769,000;0,000
25;7668800;2664,000;0,000
25;7681630;95,000;0,000
25;7687160;2786,000;0,000
25;7690017;2696,000;0,000
25;7692700;2738,000;0,000
25;7695196;2762,000;0,000
25;7699001;2477,000;0,000
25;7713260;232,000;0,000
25;7717538;2544,000;0,000
25;7719785;2826,000;0,000
25;7727304;1800,000;0,000
25;7729816;2721,000;0,000
25;7732541;2735,000;0,000
25;7745355;636,000;0,000
25;7747518;2834,000;0,000
25;7750509;2672,000;0,000
25;7752928;2786,000;0,000
25;7755068;2836,000;0,000
26;7757793;2721,000;0,000
26;7770251;525,000;0,000
26;7774847;2570,000;0,000
26;7777536;2744,000;0,000
26;7779895;2783,000;0,000
26;7782105;2806,000;0,000
26;7793875;879,000;0,000
26;7795805;2873,000;0,000
26;7797732;2877,000;0,000
26;7800085;2791,000;0,000
26;7802207;2852,000;0,000
26;7804877;2732,000;0,000
26;7815656;843,000;0,000
26;7821621;2327,000;0,000
26;7824161;2757,000;0,000
26;7827753;2541,000;0,000
26;7829980;2817,000;0,000
26;7832602;2744,000;0,000
26;7833357;971,000;0,000
26;7852311;1598,000;0,000
26;7855172;2684,000;0,000
26;7863604;1538,000;0,000
26;7867216;2557,000;0,000
26;7870623;2556,000;0,000
26;7873819;2623,000;0,000
26;7876444;1102,000;0,000
26;7897980;912,000;0,000
26;7934633;11,000;0,000
26;7934633;0,000;0,000
26;7938362;2533,000;0,000
26;7941704;2577,000;0,000
27;7943813;2839,000;0,000
27;7945832;2867,000;0,000
27;7948167;2788,000;0,000
27;7948159;330,000;0,000
27;7966833;2416,000;0,000
27;7969477;2725,000;0,000
27;7972141;2736,000;0,000
27;7974407;2851,000;0,000
27;7977273;2653,000;0,000
27;7979220;314,000;0,000
27;7995616;2497,000;0,000
27;7998346;2715,000;0,000
27;8000401;2840,000;0,000
27;8002961;2750,000;0,000
27;8014681;892,000;0,000
27;8016619;2876,000;0,000
27;8018023;2986,000;0,000
27;8020209;2867,000;0,000
27;8021590;2953,000;0,000
27;8023405;2902,000;0,000
27;8023707;941,000;0,000
27;8044070;1517,000;0,000
27;8047105;2543,000;0,000
27;8049005;2885,000;0,000
27;8050934;2870,000;0,000
27;8052858;2883,000;0,000
27;8054844;2873,000;0,000
27;8057146;1276,000;0,000
27;8068664;2471,000;0,000
27;8070468;2902,000;0,000
27;8072668;2830,000;0,000
28;8074178;2959,000;0,000
28;8076158;2880,000;0,000
28;8076793;1297,000;0,000
28;8097580;881,000;0,000
28;8100428;2708,000;0,000
28;8102154;2919,000;0,000
28;8104219;2834,000;0,000
28;8107916;2508,000;0,000
28;8112085;2425,000;0,000
28;8112739;1847,000;0,000
28;8128023;1461,000;0,000
28;8129545;2958,000;0,000
28;8131522;2859,000;0,000
28;8138797;1953,000;0,000
28;8146561;1542,000;0,000
28;8147867;1824,000;0,000
28;8163679;1251,000;0,000
28;8166246;2748,000;0,000
28;8173458;1807,000;0,000
28;8186442;683,000;0,000
28;8198334;920,000;0,000
28;8208457;1129,000;0,000
28;8216007;1802,000;0,000
28;8228815;650,000;0,000
28;8234207;1210,000;0,000
28;8253694;250,000;0,000
28;8264061;1172,000;0,000
28;8269362;2206,000;0,000
28;8271629;2816,000;0,000
28;8274533;2671,000;0,000
28;8278214;2515,000;0,000
29;8281190;2677,000;0,000
29;8282506;2979,000;0,000
29;8285639;2641,000;0,000
29;8287774;2829,000;0,000
29;8290776;2654,000;0,000
29;8293865;2644,000;0,000
29;8295900;2858,000;0,000
29;8299520;2535,000;0,000
29;8301134;2990,000;0,000
29;8304557;2526,000;0,000
29;8308504;2466,000;0,000
29;8310730;2813,000;0,000
29;8313979;2602,000;0,000
29;8316483;2759,000;0,000
29;8322352;2043,000;0,000
29;8323562;3047,000;0,000
29;8325801;2807,000;0,000
29;8326960;3030,000;0,000
29;8328509;2961,000;0,000
29;8339981;1155,000;0,000
29;8349940;1278,000;0,000
29;8353205;2390,000;0,000
29;8356366;2101,000;0,000
29;8356017;69,000;0,000
29;8355610;81,000;0,000
29;8397740;35,000;0,000
29;8447218;26,000;0,000
29;8447283;0,000;0,000
29;8450893;2528,000;0,000
29;8453106;2813,000;0,000
29;8455454;2888,000;0,000
30;8456711;2926,000;0,000
30;8457979;3011,000;0,000
30;8461885;2651,000;0,000
30;8463627;2720,000;0,000
30;8464877;3018,000;0,000
30;8471635;2058,000;0,000
30;8473196;2798,000;0,000
30;8474587;2979,000;0,000
30;8477826;2603,000;0,000
30;8479520;2921,000;0,000
30;8480309;3240,000;0,000
30;8482012;2775,000;0,000
30;8485146;2656,000;0,000
30;8485360;2230,000;0,000
30;8484920;88,000;0,000
30;8484589;66,000;0,000
30;8484138;90,000;0,000
30;8517953;247,000;0,000
30;8556906;2341,000;0,000
30;8558447;2983,000;0,000
30;8568072;1258,000;0,000
30;8569209;3041,000;0,000
30;8569886;3118,000;0,000
30;8570522;3139,000;0,000
30;8572001;2971,000;0,000
30;8583099;1008,000;0,000
30;8584027;3074,000;0,000
30;8584525;3175,000;0,000
30;8585160;3135,000;0,000
30;8585926;3111,000;0,000
30;8596024;1215,000;0,000
31;8596767;3092,000;0,000
31;8596990;3221,000;0,000
31;8597432;3179,000;0,000
31;8598235;3108,000;0,000
31;8608924;1107,000;0,000
31;8609275;3196,000;0,000
31;8609367;3250,000;0,000
31;8609851;3167,000;0,000
31;8610831;3075,000;0,000
31;8611361;3167,000;0,000
31;8612015;3129,000;0,000
31;8612210;1031,000;0,000
31;8631762;1513,000;0,000
31;8633356;2923,000;0,000
31;8633738;3220,000;0,000
31;8634358;3106,000;0,000
31;8634707;3189,000;0,000
31;8636027;3005,000;0,000
31;8636998;3068,000;0,000
31;8638123;3032,000;0,000
31;8637896;1379,000;0,000
31;8658279;1055,000;0,000
31;8659896;2957,000;0,000
31;8660141;3210,000;0,000
31;8660615;3175,000;0,000
31;8661866;3008,000;0,000
31;8662873;3071,000;0,000
31;8663600;3116,000;0,000
31;8664981;3002,000;0,000
31;8664556;1581,000;0,000
31;8679101;2096,000;0,000
32;8678919;3316,000;0,000
32;8678782;3283,000;0,000
32;8679063;3294,000;0,000
32;8678939;3219,000;0,000
32;8679001;1560,000;0,000
32;8691910;2358,000;0,000
32;8691880;3279,000;0,000
32;8691641;3305,000;0,000
32;8691596;3270,000;0,000
32;8692224;3145,000;0,000
32;8692825;1783,000;0,000
32;8705526;2070,000;0,000
32;8705218;3314,000;0,000
32;8705132;3288,000;0,000
32;8712425;1779,000;0,000
32;8712258;3295,000;0,000
32;8712503;2034,000;0,000
32;8725082;1915,000;0,000
32;8724593;3353,000;0,000
32;8724786;3234,000;0,000
32;8724732;3271,000;0,000
32;8724880;3242,000;0,000
32;8724857;2122,000;0,000
32;8742964;797,000;0,000
32;8744185;2972,000;0,000
32;8743846;3347,000;0,000
32;8743392;3341,000;0,000
32;8743300;3300,000;0,000
32;8743179;2575,000;0,000
32;8754139;1762,000;0,000
32;8753818;3330,000;0,000
33;8753605;3320,000;0,000
33;8753211;3344,000;0,000
33;8753183;2861,000;0,000
33;8762802;1744,000;0,000
33;8762411;3346,000;0,000
33;8761732;3389,000;0,000
33;8761952;3230,000;0,000
33;8761657;3324,000;0,000
33;8761804;2859,000;0,000
33;8774048;810,000;0,000
33;8780077;2430,000;0,000
33;8779272;3442,000;0,000
33;8778765;3359,000;0,000
33;8778358;3345,000;0,000
33;8778589;3214,000;0,000
33;8783191;2377,000;0,000
33;8784280;2894,000;0,000
33;8796622;870,000;0,000
33;8795675;3461,000;0,000
33;8795142;3375,000;0,000
33;8795183;3318,000;0,000
33;8794933;3269,000;0,000
33;8795612;3056,000;0,000
33;8809918;462,000;0,000
33;8808818;3479,000;0,000
33;8808520;3323,000;0,000
33;8808642;3239,000;0,000
33;8808136;3341,000;0,000
33;8808319;3233,000;0,000
33;8821265;648,000;0,000
33;8820785;3362,000;0,000
34;8819816;3457,000;0,000
34;8819090;3419,000;0,000
34;8818689;3378,000;0,000
34;8818104;3373,000;0,000
34;8830912;662,000;0,000
34;8830625;3325,000;0,000
34;8830068;3405,000;0,000
34;8829930;3304,000;0,000
34;8829392;3405,000;0,000
34;8829512;3247,000;0,000
34;8839080;754,000;0,000
34;8841876;3221,000;0,000
34;8848482;1919,000;0,000
34;8849257;3117,000;0,000
34;8848492;3418,000;0,000
34;8848540;3258,000;0,000
34;8859366;1065,000;0,000
34;8863953;2341,000;0,000
34;8864013;3253,000;0,000
34;8863323;3407,000;0,000
34;8862991;3334,000;0,000
34;8862771;3307,000;0,000
34;8862813;3257,000;0,000
34;8862541;3322,000;0,000
34;8862152;1297,000;0,000
34;8880033;1696,000;0,000
34;8879759;3343,000;0,000
34;8878802;3432,000;0,000
34;8878937;3257,000;0,000
34;8878649;3359,000;0,000
34;8877924;3407,000;0,000
35;8877364;3371,000;0,000
35;8877173;1415,000;0,000
35;8889324;2688,000;0,000
35;8887813;3563,000;0,000
35;8887040;3424,000;0,000
35;8886298;3411,000;0,000
35;8885688;3386,000;0,000
35;8884733;1621,000;0,000
35;8896713;2681,000;0,000
35;8895433;3520,000;0,000
35;8894670;3438,000;0,000
35;8893557;3477,000;0,000
35;8892938;3383,000;0,000
35;8892855;1582,000;0,000
35;8907396;2018,000;0,000
35;8906358;3461,000;0,000
35;8905625;3429,000;0,000
35;8905340;3323,000;0,000
35;8904120;3503,000;0,000
35;8903925;3306,000;0,000
35;8904017;1870,000;0,000
35;8921188;1172,000;0,000
35;8922220;3067,000;0,000
35;8920857;3533,000;0,000
35;8920327;3365,000;0,000
35;8919096;3500,000;0,000
35;8918287;3476,000;0,000
35;8917342;2177,000;0,000
35;8928360;2267,000;0,000
35;8927447;3428,000;0,000
35;8926252;3515,000;0,000
36;8924788;3550,000;0,000
36;8924199;3388,000;0,000
36;8923147;2402,000;0,000
36;8936061;1757,000;0,000
36;8934465;3545,000;0,000
36;8933684;3413,000;0,000
36;8932612;3477,000;0,000
36;8931668;3440,000;0,000
36;8930507;2588,000;0,000
36;8947186;790,000;0,000
36;8954326;1801,000;0,000
36;8952620;3605,000;0,000
36;8951129;3569,000;0,000
36;8949710;3551,000;0,000
36;8949746;3267,000;0,000
36;8948030;3099,000;0,000
36;8961332;1154,000;0,000
36;8962494;2947,000;0,000
36;8960719;3613,000;0,000
36;8959187;3560,000;0,000
36;8957586;3590,000;0,000
36;8956687;3166,000;0,000
36;8966555;1537,000;0,000
36;8964706;3678,000;0,000
36;8963286;3505,000;0,000
36;8962088;3504,000;0,000
36;8960913;3510,000;0,000
36;8960026;3222,000;0,000
36;8972898;880,000;0,000
36;8971338;3570,000;0,000
36;8970000;3528,000;0,000
37;8969518;3347,000;0,000
37;8968089;3553,000;0,000
37;8967920;3301,000;0,000
37;8981727;524,000;0,000
37;8980185;3499,000;0,000
37;8978799;3556,000;0,000
37;8977413;3526,000;0,000
37;8975842;3578,000;0,000
37;8974180;3593,000;0,000
37;8986734;716,000;0,000
37;8985582;3503,000;0,000
37;8984047;3579,000;0,000
37;8985142;3039,000;0,000
37;8983675;3568,000;0,000
37;8982701;3470,000;0,000
37;8992852;1294,000;0,000
37;8991558;3449,000;0,000
37;8989857;3593,000;0,000
37;8988258;3597,000;0,000
37;8986881;3536,000;0,000
37;8997130;1179,000;0,000
37;8996533;3403,000;0,000
37;8994567;3658,000;0,000
37;8993266;3539,000;0,000
37;8991861;3519,000;0,000
37;9002204;973,000;0,000
37;9008493;2310,000;0,000
37;9007548;3337,000;0,000
37;9005468;3669,000;0,000
37;9003656;3617,000;0,000
37;9002081;3575,000;0,000
38;8999859;3702,000;0,000
38;8998685;3508,000;0,000
38;8997099;1760,000;0,000
38;9009923;2508,000;0,000
38;9007884;3661,000;0,000
38;9005992;3703,000;0,000
38;9003868;3629,000;0,000
38;9001908;3635,000;0,000
38;9003324;1176,000;0,000
38;9016012;2491,000;0,000
38;9013812;3710,000;0,000
38;9011491;3732,000;0,000
38;9009934;3576,000;0,000
38;9010960;2005,000;0,000
38;9016371;3207,000;0,000
38;9014149;3705,000;0,000
38;9012215;3631,000;0,000
38;9010696;3574,000;0,000
38;9008736;3633,000;0,000
38;9007652;2146,000;0,000
38;9019992;2095,000;0,000
38;9017648;3728,000;0,000
38;9015072;3787,000;0,000
38;9013526;3575,000;0,000
38;9011985;3568,000;0,000
38;9010552;2391,000;0,000
38;9021266;2239,000;0,000
38;9019275;3666,000;0,000
38;9017794;3549,000;0,000
38;9015768;3668,000;0,000
38;9015058;2272,000;0,000
39;9024460;2468,000;0,000
39;9021808;3799,000;0,000
39;9019437;3742,000;0,000
39;9017407;3702,000;0,000
39;9015311;3659,000;0,000
39;9013627;2707,000;0,000
39;9029397;968,000;0,000
39;9030256;3098,000;0,000
39;9027628;3788,000;0,000
39;9025653;3651,000;0,000
39;9023148;3756,000;0,000
39;9021132;3730,000;0,000
39;9019676;3490,000;0,000
39;9017520;3188,000;0,000
39;9032726;701,000;0,000
39;9034433;2925,000;0,000
39;9031417;3849,000;0,000
39;9028892;3759,000;0,000
39;9026289;3788,000;0,000
39;9024800;3201,000;0,000
39;9032563;2046,000;0,000
39;9029853;3807,000;0,000
39;9027059;3826,000;0,000
39;9024720;3396,000;0,000
39;9035352;1457,000;0,000
39;9032144;3899,000;0,000
39;9029648;3767,000;0,000
39;9027550;3702,000;0,000
39;9025524;3668,000;0,000
39;9024403;3378,000;0,000
39;9036416;974,000;0,000
40;9033559;3798,000;0,000
40;9030642;3833,000;0,000
40;9028415;3713,000;0,000
40;9025812;3793,000;0,000
40;9023174;3773,000;0,000
40;9035578;777,000;0,000
40;9042414;1880,000;0,000
40;9039668;3807,000;0,000
40;9037558;3686,000;0,000
40;9034790;3823,000;0,000
40;9032644;3676,000;0,000
40;9044278;936,000;0,000
40;9047024;2675,000;0,000
40;9045261;3594,000;0,000
40;9042590;3803,000;0,000
40;9039351;3920,000;0,000
40;9037498;3643,000;0,000
40;9035435;3689,000;0,000
40;9033519;3636,000;0,000
40;9034885;1004,000;0,000
40;9044630;3294,000;0,000
40;9041696;3858,000;0,000
40;9038863;3796,000;0,000
40;9036555;3728,000;0,000
40;9034099;3757,000;0,000
40;9037118;1162,000;0,000
40;9044820;3188,000;0,000
40;9041853;3856,000;0,000
40;9039448;3747,000;0,000
40;9037251;3701,000;0,000
40;9046122;1478,000;0,000
41;9043890;3699,000;0,000
41;9041066;3873,000;0,000
41;9038174;3803,000;0,000
41;9034696;3953,000;0,000
41;9038516;1652,000;0,000
41;9042385;3298,000;0,000
41;9039831;3783,000;0,000
41;9037239;3779,000;0,000
41;9040243;2635,000;0,000
41;9037902;3741,000;0,000
41;9036267;1838,000;0,000
41;9047855;2655,000;0,000
41;9044520;3921,000;0,000
41;9041876;3810,000;0,000
41;9039004;3832,000;0,000
41;9037204;2059,000;0,000
41;9046524;2923,000;0,000
41;9042970;3978,000;0,000
41;9041073;3639,000;0,000
41;9037975;3883,000;0,000
41;9036027;3652,000;0,000
41;9033847;2424,000;0,000
41;9045430;2198,000;0,000
41;9042552;3843,000;0,000
41;9039178;3939,000;0,000
41;9036249;3851,000;0,000
41;9034145;3677,000;0,000
41;9032130;2568,000;0,000
41;9050221;720,000;0,000
41;9049061;3504,000;0,000
41;9045840;3902,000;0,000
42;9042104;4019,000;0,000
42;9038897;3890,000;0,000
42;9035686;3910,000;0,000
42;9033022;3233,000;0,000
42;9047995;777,000;0,000
42;9044439;3974,000;0,000
42;9041074;3935,000;0,000
42;9037254;4030,000;0,000
42;9034869;3295,000;0,000
42;9044843;1724,000;0,000
42;9041028;4011,000;0,000
42;9037859;3907,000;0,000
42;9034684;3906,000;0,000
42;9031642;3576,000;0,000
42;9041845;1496,000;0,000
42;9038188;3978,000;0,000
42;9034924;3919,000;0,000
42;9031613;3924,000;0,000
42;9028858;3773,000;0,000
42;9038189;1411,000;0,000
42;9035142;3882,000;0,000
42;9031761;3938,000;0,000
42;9028267;3973,000;0,000
42;9025242;3862,000;0,000
42;9036057;1041,000;0,000
42;9033548;3788,000;0,000
42;9030018;3979,000;0,000
42;9027017;3888,000;0,000
42;9023656;3937,000;0,000
42;9033557;1243,000;0,000
42;9031105;3753,000;0,000
43;9027285;4024,000;0,000
43;9023424;4039,000;0,000
43;9020643;3818,000;0,000
43;9016746;4050,000;0,000
43;9026075;909,000;0,000
43;9031438;2639,000;0,000
43;9028953;3778,000;0,000
43;9025257;3984,000;0,000
43;9021672;3975,000;0,000
43;9018750;3857,000;0,000
43;9015629;3902,000;0,000
43;9020220;1381,000;0,000
43;9023959;3436,000;0,000
43;9020430;3975,000;0,000
43;9016759;4001,000;0,000
43;9013752;3863,000;0,000
43;9022356;1517,000;0,000
43;9019613;3812,000;0,000
43;9016387;3920,000;0,000
43;9012993;3961,000;0,000
43;9009175;4029,000;0,000
43;9015032;1628,000;0,000
43;9016862;3326,000;0,000
43;9014695;3679,000;0,000
43;9012136;3771,000;0,000
43;9009243;3841,000;0,000
43;9016817;1726,000;0,000
43;9014937;3635,000;0,000
43;9011376;3986,000;0,000
43;9008040;3936,000;0,000
43;9004240;4014,000;0,000
44;9003615;1797,000;0,000
44;9011579;3227,000;0,000
44;9016269;2281,000;0,000
44;9012685;3975,000;0,000
44;9008696;4068,000;0,000
44;9006308;2200,000;0,000
44;9014377;3172,000;0,000
44;9010087;4123,000;0,000
44;9006267;4021,000;0,000
44;9002659;3988,000;0,000
44;9002067;1953,000;0,000
44;9011221;2809,000;0,000
44;9007127;4086,000;0,000
44;9003916;3911,000;0,000
44;9000323;3986,000;0,000
44;8997381;2650,000;0,000
44;9005172;2869,000;0,000
44;9001147;4055,000;0,000
44;8997259;4039,000;0,000
44;8993368;4040,000;0,000
44;8990415;2910,000;0,000
44;9005241;1216,000;0,000
44;9004835;3340,000;0,000
44;9002769;3681,000;0,000
44;9000924;3625,000;0,000
44;8997270;3992,000;0,000
44;8993557;3988,000;0,000
44;8990189;3936,000;0,000
44;8986933;3399,000;0,000
44;8998495;1414,000;0,000
44;8994424;4104,000;0,000
45;8991329;3875,000;0,000
45;8987222;4044,000;0,000
45;8983589;3534,000;0,000
45;8992047;2009,000;0,000
45;8987649;4156,000;0,000
45;8989985;2770,000;0,000
45;8985595;4135,000;0,000
45;8982026;3652,000;0,000
45;8992019;1553,000;0,000
45;8987871;4081,000;0,000
45;8983312;4167,000;0,000
45;8978894;4135,000;0,000
45;8975691;3925,000;0,000
45;8970831;4219,000;0,000
45;8981761;1052,000;0,000
45;8983818;2846,000;0,000
45;8978410;4313,000;0,000
45;8974348;4075,000;0,000
45;8970327;4062,000;0,000
45;8965632;4194,000;0,000
45;8963106;3834,000;0,000
45;8958690;4065,000;0,000
45;8969745;772,000;0,000
45;8976083;2241,000;0,000
45;8972107;4031,000;0,000
45;8967380;4206,000;0,000
45;8963390;4067,000;0,000
45;8959988;3963,000;0,000
45;8955777;4096,000;0,000
45;8964014;1587,000;0,000
45;8960126;4031,000;0,000
46;8963700;2573,000;0,000
46;8959111;4198,000;0,000
46;8954935;4060,000;0,000
46;8951444;4000,000;0,000
46;8958376;1059,000;0,000
46;8965554;2635,000;0,000
46;8963535;3610,000;0,000
46;8959439;4083,000;0,000
46;8954732;4213,000;0,000
46;8950354;4143,000;0,000
46;8955484;2213,000;0,000
46;8952259;3920,000;0,000
46;8947576;4202,000;0,000
46;8943140;4159,000;0,000
46;8938733;4152,000;0,000
46;8935076;4013,000;0,000
46;8935519;1660,000;0,000
46;8941830;3473,000;0,000
46;8936684;4299,000;0,000
46;8932239;4152,000;0,000
46;8928102;4100,000;0,000
46;8930801;1734,000;0,000
46;8933887;3593,000;0,000
46;8929143;4208,000;0,000
46;8926145;3879,000;0,000
46;8921912;4097,000;0,000
46;8917708;4098,000;0,000
46;8915290;1955,000;0,000
46;8925566;2974,000;0,000
46;8920297;4318,000;0,000
46;8915893;4179,000;0,000
47;8911252;4165,000;0,000
47;8906749;4159,000;0,000
47;8903946;2313,000;0,000
47;8920641;1419,000;0,000
47;8918511;3696,000;0,000
47;8913313;4294,000;0,000
47;8908103;4310,000;0,000
47;8903951;4100,000;0,000
47;8900341;2875,000;0,000
47;8905784;3270,000;0,000
47;8900775;4261,000;0,000
47;8896488;4117,000;0,000
47;8891650;4221,000;0,000
47;8888363;2841,000;0,000
47;8900400;1920,000;0,000
47;8898799;3563,000;0,000
47;8893871;4277,000;0,000
47;8888973;4220,000;0,000
47;8884517;4140,000;0,000
47;8881011;3316,000;0,000
47;8891179;1852,000;0,000
47;8886144;4247,000;0,000
47;8881313;4258,000;0,000
47;8876935;4105,000;0,000
47;8872729;4135,000;0,000
47;8868796;3431,000;0,000
47;8879766;1617,000;0,000
47;8874867;4253,000;0,000
47;8869890;4264,000;0,000
47;8873044;2608,000;0,000
47;8869783;3915,000;0,000
48;8865479;3835,000;0,000
48;8877588;1139,000;0,000
48;8871731;4386,000;0,000
48;8866808;4234,000;0,000
48;8861595;4297,000;0,000
48;8857647;4063,000;0,000
48;8852582;4177,000;0,000
48;8864099;1024,000;0,000
48;8858953;4293,000;0,000
48;8853906;4265,000;0,000
48;8848452;4342,000;0,000
48;8843810;4158,000;0,000
48;8853740;1257,000;0,000
48;8848185;4391,000;0,000
48;8843740;4161,000;0,000
48;8838909;4205,000;0,000
48;8834685;4108,000;0,000
48;8843164;1496,000;0,000
48;8837980;4340,000;0,000
48;8833032;4251,000;0,000
48;8827468;4370,000;0,000
48;8822854;4183,000;0,000
48;8831635;1484,000;0,000
48;8826474;4259,000;0,000
48;8821728;4216,000;0,000
48;8816623;4285,000;0,000
48;8811808;4223,000;0,000
48;8807856;4048,000;0,000
48;8818211;1137,000;0,000
48;8822499;2397,000;0,000
48;8818238;4123,000;0,000
49;8812770;4371,000;0,000
49;8812864;3216,000;0,000
49;8809040;4024,000;0,000
49;8804472;4175,000;0,000
49;8799626;4229,000;0,000
49;8801861;1583,000;0,000
49;8804344;3998,000;0,000
49;8799315;4258,000;0,000
49;8794147;4350,000;0,000
49;8788052;4434,000;0,000
49;8783623;4140,000;0,000
49;8781933;1623,000;0,000
49;8789724;3660,000;0,000
49;8785303;4147,000;0,000
49;8781469;4029,000;0,000
49;8775988;4381,000;0,000
49;8774983;1588,000;0,000
49;8782509;3576,000;0,000
49;8777135;4334,000;0,000
49;8772045;4284,000;0,000
49;8766612;4360,000;0,000
49;8762465;4085,000;0,000
49;8759512;1947,000;0,000
49;8767419;3584,000;0,000
49;8761501;4453,000;0,000
49;8755930;4390,000;0,000
49;8750737;4349,000;0,000
49;8753799;1923,000;0,000
49;8755142;3643,000;0,000
49;8749312;4450,000;0,000
49;8743516;4403,000;0,000
50;8738861;4198,000;0,000
50;8735252;2342,000;0,000
50;8742950;3351,000;0,000
50;8737319;4393,000;0,000
50;8731163;4493,000;0,000
50;8725979;4301,000;0,000
50;8720379;4380,000;0,000
50;8716782;2564,000;0,000
50;8724575;3090,000;0,000
50;8717989;4578,000;0,000
50;8712208;4435,000;0,000
50;8707130;4307,000;0,000
50;8701329;4401,000;0,000
50;8697921;2572,000;0,000
50;8713325;1518,000;0,000
50;8709625;3991,000;0,000
50;8703011;4582,000;0,000
50;8697207;4426,000;0,000
50;8691997;4303,000;0,000
50;8685988;4454,000;0,000
50;8681001;4257,000;0,000
50;8676388;3315,000;0,000
50;8690958;881,000;0,000
50;8689853;3803,000;0,000
50;8683799;4471,000;0,000
50;8677682;4488,000;0,000
50;8672052;4389,000;0,000
50;8667054;4259,000;0,000
50;8661703;4353,000;0,000
50;8656538;3535,000;0,000
50;8666777;1941,000;0,000
51;8660420;4552,000;0,000
51;8654690;4406,000;0,000
51;8649141;4361,000;0,000
51;8645428;3292,000;0,000
51;8654129;2211,000;0,000
51;8647514;4591,000;0,000
51;8641759;4424,000;0,000
51;8635618;4493,000;0,000
51;8630177;4350,000;0,000
51;8624984;3944,000;0,000
51;8635430;1297,000;0,000
51;8638246;2847,000;0,000
51;8631750;4620,000;0,000
51;8626202;4369,000;0,000
51;8620547;4404,000;0,000
51;8614894;4472,000;0,000
51;8609745;4221,000;0,000
51;8617551;1686,000;0,000
51;8610696;4639,000;0,000
51;8605029;4443,000;0,000
51;8599697;4283,000;0,000
51;8594191;4361,000;0,000
51;8588766;4353,000;0,000
51;8600534;866,000;0,000
51;8604183;2519,000;0,000
51;8605927;2945,000;0,000
51;8602275;3962,000;0,000
51;8596930;4392,000;0,000
51;8592375;4126,000;0,000
51;8586362;4448,000;0,000
51;8580863;4373,000;0,000
52;8589532;1502,000;0,000
52;8585118;4138,000;0,000
52;8581084;4080,000;0,000
52;8576617;4154,000;0,000
52;8571334;4317,000;0,000
52;8579077;1680,000;0,000
52;8574436;4214,000;0,000
52;8568307;4487,000;0,000
52;8562064;4508,000;0,000
52;8556793;4348,000;0,000
52;8558371;1742,000;0,000
52;8562604;3582,000;0,000
52;8556312;4532,000;0,000
52;8550645;4399,000;0,000
52;8545387;4367,000;0,000
52;8539241;4443,000;0,000
52;8535942;2077,000;0,000
52;8544440;3409,000;0,000
52;8537970;4571,000;0,000
52;8531602;4536,000;0,000
52;8525704;4477,000;0,000
52;8525923;2128,000;0,000
52;8527271;4047,000;0,000
52;8521469;4435,000;0,000
52;8515526;4468,000;0,000
52;8510910;4204,000;0,000
52;8508150;2116,000;0,000
52;8513934;3795,000;0,000
52;8507641;4538,000;0,000
52;8508956;2988,000;0,000
52;8503543;4363,000;0,000
53;8497260;4521,000;0,000
53;8493423;2432,000;0,000
53;8509543;1604,000;0,000
53;8506278;3929,000;0,000
53;8499737;4574,000;0,000
53;8493564;4505,000;0,000
53;8487486;4538,000;0,000
53;8481563;4392,000;0,000
53;8474987;4582,000;0,000
53;8469222;4487,000;0,000
53;8464328;3098,000;0,000
53;8482663;651,000;0,000
53;8478253;4125,000;0,000
53;8472289;4456,000;0,000
53;8465604;4603,000;0,000
53;8459301;4531,000;0,000
53;8453547;4434,000;0,000
53;8446872;4577,000;0,000
53;8442609;3193,000;0,000
53;8452962;2082,000;0,000
53;8446498;4574,000;0,000
53;8439548;4646,000;0,000
53;8433541;4465,000;0,000
53;8433802;3201,000;0,000
53;8432262;2747,000;0,000
53;8444994;1505,000;0,000
53;8437622;4741,000;0,000
53;8431197;4552,000;0,000
53;8425094;4508,000;0,000
53;8418840;4491,000;0,000
53;8413334;4373,000;0,000
54;8407053;3919,000;0,000
54;8420688;777,000;0,000
54;8420119;3675,000;0,000
54;8413162;4659,000;0,000
54;8405979;4692,000;0,000
54;8399549;4613,000;0,000
54;8392476;4621,000;0,000
54;8386491;4105,000;0,000
54;8394228;2054,000;0,000
54;8386846;4748,000;0,000
54;8379995;4631,000;0,000
54;8373439;4581,000;0,000
54;8367386;4193,000;0,000
54;8374381;2169,000;0,000
54;8367147;4663,000;0,000
54;8361131;4453,000;0,000
54;8354698;4562,000;0,000
54;8348208;4516,000;0,000
54;8358886;1291,000;0,000
54;8352340;4397,000;0,000
54;8345617;4607,000;0,000
54;8338962;4580,000;0,000
54;8333293;4411,000;0,000
54;8326881;4533,000;0,000
54;8337781;1050,000;0,000
54;8339422;2899,000;0,000
54;8333911;4379,000;0,000
54;8326598;4718,000;0,000
54;8319715;4652,000;0,000
54;8312574;4679,000;0,000
54;8305338;4699,000;0,000
55;8298310;4700,000;0,000
55;8306990;1457,000;0,000
55;8299633;4733,000;0,000
55;8291862;4826,000;0,000
55;8284405;4759,000;0,000
55;8276817;4781,000;0,000
55;8285561;1473,000;0,000
55;8278369;4685,000;0,000
55;8271136;4703,000;0,000
55;8262592;4972,000;0,000
55;8256664;4510,000;0,000
55;8258223;1577,000;0,000
55;8260095;4176,000;0,000
55;8251642;4955,000;0,000
55;8243073;4946,000;0,000
55;8235919;4738,000;0,000
55;8242090;1828,000;0,000
55;8238847;4129,000;0,000
55;8231658;4668,000;0,000
55;8224433;4708,000;0,000
55;8216872;4775,000;0,000
55;8216611;3383,000;0,000
55;8215811;1407,000;0,000
55;8224390;3427,000;0,000
55;8217287;4684,000;0,000
55;8209104;4905,000;0,000
55;8201399;4793,000;0,000
55;8194570;4624,000;0,000
55;8190686;2336,000;0,000
55;8195336;3993,000;0,000
55;8187308;4872,000;0,000
56;8178812;4963,000;0,000
56;8171324;4749,000;0,000
56;8166705;2512,000;0,000
56;8172902;3659,000;0,000
56;8164558;4936,000;0,000
56;8156702;4834,000;0,000
56;8148696;4867,000;0,000
56;8141633;4663,000;0,000
56;8136943;2765,000;0,000
56;8150131;1992,000;0,000
56;8143527;4572,000;0,000
56;8138684;4214,000;0,000
56;8130392;4935,000;0,000
56;8122587;4827,000;0,000
56;8115637;4652,000;0,000
56;8108035;4803,000;0,000
56;8102325;3226,000;0,000
56;8110858;2688,000;0,000
56;8103001;4845,000;0,000
56;8094214;5017,000;0,000
56;8086341;4819,000;0,000
56;8081462;3229,000;0,000
56;8089382;2670,000;0,000
56;8080931;4952,000;0,000
56;8073196;4813,000;0,000
56;8068353;4244,000;0,000
56;8065109;3890,000;0,000
56;8058466;3778,000;0,000
56;8067778;2210,000;0,000
56;8058846;5063,000;0,000
56;8050995;4822,000;0,000
57;8043891;4706,000;0,000
57;8037666;3770,000;0,000
57;8044394;2613,000;0,000
57;8035300;5085,000;0,000
57;8027971;4751,000;0,000
57;8019360;4986,000;0,000
57;8011735;4827,000;0,000
57;8003901;4310,000;0,000
57;8014836;1501,000;0,000
57;8005467;5174,000;0,000
57;7998348;4220,000;0,000
57;8003174;2706,000;0,000
57;7994236;5054,000;0,000
57;7986677;4768,000;0,000
57;7979002;4797,000;0,000
57;7971941;4682,000;0,000
57;7963276;4866,000;0,000
57;7971956;1512,000;0,000
57;7972440;3317,000;0,000
57;7970578;3726,000;0,000
57;7964590;4329,000;0,000
57;7956915;4797,000;0,000
57;7948510;4943,000;0,000
57;7940905;4785,000;0,000
57;7951873;1027,000;0,000
57;7950344;3577,000;0,000
57;7941551;5025,000;0,000
57;7933334;4907,000;0,000
57;7925217;4888,000;0,000
57;7917715;4786,000;0,000
57;7910024;4811,000;0,000
58;7901808;4884,000;0,000
58;7911945;1192,000;0,000
58;7903561;4946,000;0,000
58;7895152;4965,000;0,000
58;7887085;4878,000;0,000
58;7879593;4747,000;0,000
58;7886528;1835,000;0,000
58;7878058;4956,000;0,000
58;7870191;4834,000;0,000
58;7861255;5047,000;0,000
58;7852876;4937,000;0,000
58;7861226;1563,000;0,000
58;7854307;4645,000;0,000
58;7845727;4993,000;0,000
58;7837302;4941,000;0,000
58;7829681;4788,000;0,000
58;7837247;1716,000;0,000
58;7830000;4703,000;0,000
58;7820730;5141,000;0,000
58;7811735;5046,000;0,000
58;7804039;4842,000;0,000
58;7810045;2012,000;0,000
58;7803630;4528,000;0,000
58;7794354;5122,000;0,000
58;7786265;4884,000;0,000
58;7777830;4956,000;0,000
58;7776037;2045,000;0,000
58;7778543;4310,000;0,000
58;7769967;4980,000;0,000
58;7761755;4903,000;0,000
58;7753365;4941,000;0,000
59;7747524;4424,000;0,000
59;7743520;2322,000;0,000
59;7753867;2889,000;0,000
59;7747385;4557,000;0,000
59;7738959;4942,000;0,000
59;7729158;5229,000;0,000
59;7720921;4923,000;0,000
59;7712714;4888,000;0,000
59;7707944;2802,000;0,000
59;7712191;3816,000;0,000
59;7702902;5132,000;0,000
59;7693539;5130,000;0,000
59;7685140;4952,000;0,000
59;7676727;4943,000;0,000
59;7671299;2987,000;0,000
59;7679510;2968,000;0,000
59;7669721;5260,000;0,000
59;7667045;3810,000;0,000
59;7663189;3985,000;0,000
59;7655883;4793,000;0,000
59;7649305;3420,000;0,000
59;7666023;1085,000;0,000
59;7661233;4106,000;0,000
59;7652172;5075,000;0,000
59;7643145;5074,000;0,000
59;7634720;4994,000;0,000
59;7626672;4841,000;0,000
59;7620330;3709,000;0,000
59;7626613;2813,000;0,000
59;7616842;5220,000;0,000
59;7608561;4918,000;0,000
60;7599944;5000,000;0,000
60;7593722;3751,000;0,000
60;7600853;2550,000;0,000
60;7591824;5071,000;0,000
60;7583615;4895,000;0,000
60;7574620;5064,000;0,000
60;7567136;4163,000;0,000
60;7573805;2473,000;0,000
60;7565014;5038,000;0,000
60;7556110;5057,000;0,000
60;7547157;5052,000;0,000
60;7539564;4348,000;0,000
60;7548161;1764,000;0,000
60;7544620;4150,000;0,000
60;7534531;5287,000;0,000
60;7525118;5133,000;0,000
60;7516720;4952,000;0,000
60;7508319;4932,000;0,000
60;7500019;4931,000;0,000
60;7492039;4852,000;0,000
60;7504410;787,000;0,000
60;7505485;3006,000;0,000
60;7504969;3359,000;0,000
60;7496639;4958,000;0,000
60;7487561;5064,000;0,000
60;7480426;4675,000;0,000
60;7472052;4979,000;0,000
60;7464145;4804,000;0,000
60;7472102;1646,000;0,000
60;7473213;3018,000;0,000
60;7463775;5142,000;0,000
61;7454050;5227,000;0,000
61;7444852;5099,000;0,000
61;7436761;4852,000;0,000
61;7428311;4960,000;0,000
61;7420179;4880,000;0,000
61;7428939;1496,000;0,000
61;7419307;5188,000;0,000
61;7410670;5046,000;0,000
61;7400792;5175,000;0,000
61;7392743;4915,000;0,000
61;7399187;1902,000;0,000
61;7390639;4960,000;0,000
61;7381763;5044,000;0,000
61;7372700;5084,000;0,000
61;7363628;5115,000;0,000
61;7372133;1541,000;0,000
61;7367385;4174,000;0,000
61;7358442;5114,000;0,000
61;7349574;4998,000;0,000
61;7342035;4788,000;0,000
61;7348162;1992,000;0,000
61;7339479;5001,000;0,000
61;7330188;5124,000;0,000
61;7320006;5309,000;0,000
61;7311245;5016,000;0,000
61;7302439;5068,000;0,000
61;7298199;1976,000;0,000
61;7310897;2811,000;0,000
61;7305078;4427,000;0,000
61;7295217;5229,000;0,000
61;7286148;5086,000;0,000
62;7277522;4979,000;0,000
62;7268494;5073,000;0,000
62;7260499;4861,000;0,000
62;7255207;2636,000;0,000
62;7271327;1708,000;0,000
62;7263253;4870,000;0,000
62;7253284;5266,000;0,000
62;7244183;5085,000;0,000
62;7234650;5175,000;0,000
62;7225246;5142,000;0,000
62;7217605;4779,000;0,000
62;7208622;5058,000;0,000
62;7202162;3226,000;0,000
62;7211807;2603,000;0,000
62;7201812;5305,000;0,000
62;7192626;5076,000;0,000
62;7182614;5263,000;0,000
62;7177225;3093,000;0,000
62;7182993;3317,000;0,000
62;7172832;5296,000;0,000
62;7163075;5206,000;0,000
62;7156077;3590,000;0,000
62;7157316;4069,000;0,000
62;7147960;5125,000;0,000
62;7138255;5199,000;0,000
62;7129211;5119,000;0,000
62;7121947;3920,000;0,000
62;7127388;2899,000;0,000
62;7116636;5408,000;0,000
62;7107216;5154,000;0,000
62;7097202;5267,000;0,000
63;7088818;4530,000;0,000
63;7097458;1876,000;0,000
63;7087556;5281,000;0,000
63;7078040;5132,000;0,000
63;7068254;5225,000;0,000
63;7059548;4885,000;0,000
63;7066919;1854,000;0,000
63;7056446;5396,000;0,000
63;7048032;4919,000;0,000
63;7038905;5075,000;0,000
63;7030203;5028,000;0,000
63;7038093;1634,000;0,000
63;7027733;5336,000;0,000
63;7023344;4139,000;0,000
63;7019807;3990,000;0,000
63;7010661;5066,000;0,000
63;7001298;5174,000;0,000
63;7011170;1214,000;0,000
63;7000753;5339,000;0,000
63;6990870;5242,000;0,000
63;6981563;5132,000;0,000
63;6972183;5134,000;0,000
63;6981888;1255,000;0,000
63;6972168;5217,000;0,000
63;6962905;5126,000;0,000
63;6953181;5233,000;0,000
63;6944626;4992,000;0,000
63;6950534;2043,000;0,000
63;6942407;4920,000;0,000
63;6932302;5266,000;0,000
63;6922087;5306,000;0,000
64;6913206;5051,000;0,000
64;6915768;1646,000;0,000
64;6921790;3124,000;0,000
64;6913203;4971,000;0,000
64;6903090;5294,000;0,000
64;6892255;5431,000;0,000
64;6882392;5231,000;0,000
64;6872084;5324,000;0,000
64;6863977;4902,000;0,000
64;6857986;2598,000;0,000
64;6870217;2614,000;0,000
64;6861857;4939,000;0,000
64;6851349;5360,000;0,000
64;6841623;5212,000;0,000
64;6831423;5289,000;0,000
64;6822145;5114,000;0,000
64;6817192;2575,000;0,000
64;6826475;3075,000;0,000
64;6821241;4293,000;0,000
64;6816492;4170,000;0,000
64;6806493;5256,000;0,000
64;6797222;5114,000;0,000
64;6788192;5073,000;0,000
64;6778500;5184,000;0,000
64;6771647;3409,000;0,000
64;6779046;2980,000;0,000
64;6768646;5364,000;0,000
64;6758600;5267,000;0,000
64;6749757;5020,000;0,000
64;6743433;3347,000;0,000
64;6748208;3450,000;0,000
65;6737738;5360,000;0,000
65;6728017;5195,000;0,000
65;6718107;5252,000;0,000
65;6708148;5258,000;0,000
65;6700720;3769,000;0,000
65;6711643;2015,000;0,000
65;6701087;5376,000;0,000
65;6690444;5380,000;0,000
65;6679960;5299,000;0,000
65;6671993;4141,000;0,000
65;6683689;1359,000;0,000
65;6685409;3243,000;0,000
65;6680481;4178,000;0,000
65;6669664;5421,000;0,000
65;6660464;5092,000;0,000
65;6650509;5267,000;0,000
65;6640693;4982,000;0,000
65;6646735;2255,000;0,000
65;6635569;5492,000;0,000
65;6624694;5441,000;0,000
65;6613956;5400,000;0,000
65;6604269;5205,000;0,000
65;6594295;5046,000;0,000
65;6606990;877,000;0,000
65;6608507;2945,000;0,000
65;6597980;5365,000;0,000
65;6587566;5348,000;0,000
65;6577777;5219,000;0,000
65;6568273;5156,000;0,000
65;6557976;5308,000;0,000
65;6548603;5135,000;0,000
66;6554858;1977,000;0,000
66;6546170;4977,000;0,000
66;6535507;5391,000;0,000
66;6525069;5343,000;0,000
66;6516043;5114,000;0,000
66;6522498;1891,000;0,000
66;6513349;5089,000;0,000
66;6502964;5355,000;0,000
66;6492476;5366,000;0,000
66;6482535;5248,000;0,000
66;6472336;5301,000;0,000
66;6480781;1526,000;0,000
66;6470379;5345,000;0,000
66;6460049;5330,000;0,000
66;6450470;5186,000;0,000
66;6441236;5117,000;0,000
66;6448614;1750,000;0,000
66;6438600;5273,000;0,000
66;6428134;5348,000;0,000
66;6417649;5364,000;0,000
66;6407865;5217,000;0,000
66;6414687;1987,000;0,000
66;6406497;4796,000;0,000
66;6395691;5425,000;0,000
66;6385018;5397,000;0,000
66;6375893;5085,000;0,000
66;6365349;5374,000;0,000
66;6370845;1756,000;0,000
66;6363139;5163,000;0,000
66;6352793;5331,000;0,000
66;6341787;5471,000;0,000
67;6331944;5232,000;0,000
67;6320846;5486,000;0,000
67;6318017;1697,000;0,000
67;6330868;2772,000;0,000
67;6321679;5131,000;0,000
67;6310880;5410,000;0,000
67;6300099;5387,000;0,000
67;6289274;5443,000;0,000
67;6280740;4946,000;0,000
67;6274552;4497,000;0,000
67;6276583;971,000;0,000
67;6282873;3855,000;0,000
67;6272061;5423,000;0,000
67;6260468;5566,000;0,000
67;6250088;5339,000;0,000
67;6240630;5192,000;0,000
67;6241832;2748,000;0,000
67;6233301;5189,000;0,000
67;6222257;5471,000;0,000
67;6211196;5474,000;0,000
67;6200373;5415,000;0,000
67;6199207;2791,000;0,000
67;6205211;2726,000;0,000
67;6197328;4848,000;0,000
67;6186311;5478,000;0,000
67;6176026;5323,000;0,000
67;6166013;5266,000;0,000
67;6156603;5140,000;0,000
67;6149655;3360,000;0,000
67;6151083;4242,000;0,000
67;6139707;5558,000;0,000
68;6128616;5457,000;0,000
68;6118136;5348,000;0,000
68;6111674;3290,000;0,000
68;6115175;3831,000;0,000
68;6102892;5683,000;0,000
68;6091312;5572,000;0,000
68;6079704;5581,000;0,000
68;6069425;5312,000;0,000
68;6061313;3842,000;0,000
68;6070369;2426,000;0,000
68;6059455;5474,000;0,000
68;6050398;5043,000;0,000
68;6041161;5092,000;0,000
68;6032694;4217,000;0,000
68;6038308;2831,000;0,000
68;6035434;3815,000;0,000
68;6024001;5547,000;0,000
68;6013506;5357,000;0,000
68;6004092;4553,000;0,000
68;6013320;2007,000;0,000
68;6001582;5604,000;0,000
68;5990897;5384,000;0,000
68;5980089;5416,000;0,000
68;5969588;5371,000;0,000
68;5959108;4888,000;0,000
68;5969963;1167,000;0,000
68;5967111;4189,000;0,000
68;5955032;5659,000;0,000
68;5944016;5463,000;0,000
68;5932617;5544,000;0,000
68;5921298;5513,000;0,000
69;5910705;5385,000;0,000
69;5900476;5229,000;0,000
69;5912400;853,000;0,000
69;5912802;3246,000;0,000
69;5900822;5658,000;0,000
69;5889413;5541,000;0,000
69;5877484;5654,000;0,000
69;5870376;4692,000;0,000
69;5867441;3804,000;0,000
69;5856628;5429,000;0,000
69;5864180;1723,000;0,000
69;5852161;5664,000;0,000
69;5841083;5473,000;0,000
69;5828355;5812,000;0,000
69;5816898;5563,000;0,000
69;5825250;1575,000;0,000
69;5813910;5532,000;0,000
69;5803385;5348,000;0,000
69;5791641;5631,000;0,000
69;5781021;5377,000;0,000
69;5787040;2026,000;0,000
69;5776985;5284,000;0,000
69;5765024;5657,000;0,000
69;5753322;5618,000;0,000
69;5742607;5415,000;0,000
69;5732159;5351,000;0,000
69;5728254;1720,000;0,000
69;5734353;4334,000;0,000
69;5723857;5356,000;0,000
69;5712854;5459,000;0,000
69;5703132;5242,000;0,000
70;5691440;5563,000;0,000
70;5688288;1959,000;0,000
70;5692545;4328,000;0,000
70;5680145;5732,000;0,000
70;5669223;5490,000;0,000
70;5659352;5220,000;0,000
70;5660340;2239,000;0,000
70;5656483;4831,000;0,000
70;5643966;5759,000;0,000
70;5631903;5707,000;0,000
70;5621024;5415,000;0,000
70;5619804;2605,000;0,000
70;5616524;4814,000;0,000
70;5604775;5615,000;0,000
70;5593145;5593,000;0,000
70;5591753;3122,000;0,000
70;5585571;4904,000;0,000
70;5573918;5598,000;0,000
70;5563117;5416,000;0,000
70;5551535;5567,000;0,000
70;5541041;5404,000;0,000
70;5533509;3434,000;0,000
70;5540313;3192,000;0,000
70;5527593;5758,000;0,000
70;5515983;5567,000;0,000
70;5505025;5458,000;0,000
70;5497479;3710,000;0,000
70;5502465;3339,000;0,000
70;5490961;5576,000;0,000
70;5480271;5406,000;0,000
70;5469179;5467,000;0,000
71;5458708;5342,000;0,000
71;5449184;4402,000;0,000
71;5454029;3033,000;0,000
71;5441470;5815,000;0,000
71;5429484;5617,000;0,000
71;5420651;5013,000;0,000
71;5420565;2556,000;0,000
71;5427718;2483,000;0,000
71;5415410;5734,000;0,000
71;5402921;5780,000;0,000
71;5391871;5435,000;0,000
71;5382828;4553,000;0,000
71;5386154;3070,000;0,000
71;5374129;5712,000;0,000
71;5362266;5600,000;0,000
71;5350201;5670,000;0,000
71;5339682;5363,000;0,000
71;5329756;4746,000;0,000
71;5337155;2265,000;0,000
71;5324404;5821,000;0,000
71;5312296;5676,000;0,000
71;5300465;5632,000;0,000
71;5290143;5000,000;0,000
71;5297971;1880,000;0,000
71;5296802;3591,000;0,000
71;5284583;5695,000;0,000
71;5272409;5686,000;0,000
71;5260584;5622,000;0,000
71;5249393;5499,000;0,000
71;5241309;4862,000;0,000
71;5251175;1245,000;0,000
72;5239152;5678,000;0,000
72;5227462;5597,000;0,000
72;5215059;5740,000;0,000
72;5204677;5335,000;0,000
72;5194951;5212,000;0,000
72;5205621;1089,000;0,000
72;5194512;5480,000;0,000
72;5182045;5763,000;0,000
72;5168908;5872,000;0,000
72;5158303;5381,000;0,000
72;5146396;5628,000;0,000
72;5156506;1199,000;0,000
72;5151150;4332,000;0,000
72;5138399;5805,000;0,000
72;5126607;5629,000;0,000
72;5115278;5518,000;0,000
72;5120392;2204,000;0,000
72;5109760;5402,000;0,000
72;5097198;5730,000;0,000
72;5085425;5668,000;0,000
72;5075854;5170,000;0,000
72;5082919;1815,000;0,000
72;5071917;5452,000;0,000
72;5059877;5654,000;0,000
72;5048136;5608,000;0,000
72;5037181;5480,000;0,000
72;5026296;5408,000;0,000
72;5024096;1777,000;0,000
72;5035124;2905,000;0,000
72;5025851;5106,000;0,000
72;5013779;5677,000;0,000
73;5001685;5674,000;0,000
73;4989863;5624,000;0,000
73;4977376;5747,000;0,000
73;4968470;5105,000;0,000
73;4966119;3635,000;0,000
73;4959271;2849,000;0,000
73;4963690;4130,000;0,000
73;4951172;5755,000;0,000
73;4938313;5819,000;0,000
73;4927017;5515,000;0,000
73;4919651;3063,000;0,000
73;4924799;3878,000;0,000
73;4911955;5819,000;0,000
73;4899630;5724,000;0,000
73;4887369;5705,000;0,000
73;4880204;3331,000;0,000
73;4882741;4116,000;0,000
73;4870000;5766,000;0,000
73;4858169;5613,000;0,000
73;4846514;5592,000;0,000
73;4835132;5530,000;0,000
73;4830358;2800,000;0,000
73;4850253;569,000;0,000
73;4837948;5680,000;0,000
73;4825492;5753,000;0,000
73;4814013;5542,000;0,000
73;4802732;5514,000;0,000
73;4808644;2072,000;0,000
73;4795328;5906,000;0,000
73;4783084;5709,000;0,000
73;4770745;5735,000;0,000
74;4759449;5521,000;0,000
74;4748161;5521,000;0,000
74;4757259;1387,000;0,000
74;4747404;5208,000;0,000
74;4734708;5805,000;0,000
74;4721822;5841,000;0,000
74;4710137;5640,000;0,000
74;4716901;1829,000;0,000
74;4705695;5500,000;0,000
74;4693167;5765,000;0,000
74;4680463;5842,000;0,000
74;4669281;5445,000;0,000
74;4656855;5808,000;0,000
74;4663310;1224,000;0,000
74;4656008;5356,000;0,000
74;4643842;5703,000;0,000
74;4631676;5695,000;0,000
74;4620509;5489,000;0,000
74;4608830;5586,000;0,000
74;4614995;1651,000;0,000
74;4605411;5535,000;0,000
74;4593294;5679,000;0,000
74;4580495;5798,000;0,000
74;4569411;5480,000;0,000
74;4557948;5556,000;0,000
74;4552837;2026,000;0,000
74;4556782;4717,000;0,000
74;4543851;5857,000;0,000
74;4531177;5825,000;0,000
74;4518715;5732,000;0,000
74;4507312;5541,000;0,000
75;4501426;2429,000;0,000
75;4514104;2807,000;0,000
75;4512110;3505,000;0,000
75;4499034;5870,000;0,000
75;4486970;5674,000;0,000
75;4475749;5520,000;0,000
75;4462461;5941,000;0,000
75;4461178;2726,000;0,000
75;4454347;5378,000;0,000
75;4442105;5719,000;0,000
75;4429772;5737,000;0,000
75;4418462;5533,000;0,000
75;4413459;2733,000;0,000
75;4412411;4961,000;0,000
75;4398919;5965,000;0,000
75;4385651;5905,000;0,000
75;4373272;5731,000;0,000
75;4360448;5872,000;0,000
75;4353099;3105,000;0,000
75;4359203;3631,000;0,000
75;4346028;5892,000;0,000
75;4333341;5778,000;0,000
75;4320428;5853,000;0,000
75;4307824;5767,000;0,000
75;4299388;3696,000;0,000
75;4302907;3750,000;0,000
75;4288819;6085,000;0,000
75;4275999;5829,000;0,000
75;4263154;5828,000;0,000
75;4251129;5684,000;0,000
75;4241824;4202,000;0,000
76;4250240;2453,000;0,000
76;4236431;6041,000;0,000
76;4222533;6034,000;0,000
76;4210296;5717,000;0,000
76;4199635;5451,000;0,000
76;4189158;4726,000;0,000
76;4198780;1463,000;0,000
76;4197290;3937,000;0,000
76;4192652;4209,000;0,000
76;4180278;5734,000;0,000
76;4167488;5825,000;0,000
76;4156238;5521,000;0,000
76;4144245;5655,000;0,000
76;4132198;5672,000;0,000
76;4119799;5529,000;0,000
76;4130465;1301,000;0,000
76;4116489;6073,000;0,000
76;4105023;5541,000;0,000
76;4093947;5477,000;0,000
76;4082526;5475,000;0,000
76;4091411;1522,000;0,000
76;4079275;5674,000;0,000
76;4065789;5973,000;0,000
76;4052030;6009,000;0,000
76;4040551;5551,000;0,000
76;4028229;5754,000;0,000
76;4038718;1098,000;0,000
76;4025998;5802,000;0,000
76;4013464;5761,000;0,000
76;4000515;5865,000;0,000
76;3990290;5331,000;0,000
77;3987198;3817,000;0,000
77;3997271;1132,000;0,000
77;3986360;5519,000;0,000
77;3972186;6080,000;0,000
77;3959004;5903,000;0,000
77;3947019;5648,000;0,000
77;3951676;2304,000;0,000
77;3938446;5891,000;0,000
77;3925990;5766,000;0,000
77;3912727;5939,000;0,000
77;3900754;5631,000;0,000
77;3888469;5711,000;0,000
77;3895983;1683,000;0,000
77;3895371;3414,000;0,000
77;3883930;5537,000;0,000
77;3869878;6083,000;0,000
77;3856802;5860,000;0,000
77;3845656;5502,000;0,000
77;3833709;5622,000;0,000
77;3822275;5542,000;0,000
77;3807954;6113,000;0,000
77;3802778;2193,000;0,000
77;3817217;2430,000;0,000
77;3806101;5471,000;0,000
77;3792054;6075,000;0,000
77;3779069;5869,000;0,000
77;3766139;5830,000;0,000
77;3753563;5771,000;0,000
77;3742357;5502,000;0,000
77;3734830;3051,000;0,000
77;3740173;3883,000;0,000
78;3726649;5959,000;0,000
78;3713613;5870,000;0,000
78;3701339;5726,000;0,000
78;3688637;5820,000;0,000
78;3680823;3159,000;0,000
78;3685817;3880,000;0,000
78;3672648;5859,000;0,000
78;3659699;5838,000;0,000
78;3647628;5681,000;0,000
78;3634747;5821,000;0,000
78;3627502;3260,000;0,000
78;3630833;4013,000;0,000
78;3617146;6002,000;0,000
78;3603606;5976,000;0,000
78;3590419;5898,000;0,000
78;3580917;5157,000;0,000
78;3572492;3702,000;0,000
78;3578307;3332,000;0,000
78;3564194;6080,000;0,000
78;3551356;5844,000;0,000
78;3538859;5775,000;0,000
78;3530584;3698,000;0,000
78;3533482;3885,000;0,000
78;3519333;6102,000;0,000
78;3505775;5985,000;0,000
78;3495521;4437,000;0,000
78;3493822;4490,000;0,000
78;3479452;6093,000;0,000
78;3465871;5959,000;0,000
78;3464913;3421,000;0,000
78;3454526;4692,000;0,000
79;3463516;2071,000;0,000
79;3452057;5564,000;0,000
79;3437659;6176,000;0,000
79;3423370;6103,000;0,000
79;3410599;5811,000;0,000
79;3396615;6055,000;0,000
79;3386230;4982,000;0,000
79;3392339;2373,000;0,000
79;3378052;6125,000;0,000
79;3364210;6043,000;0,000
79;3351201;5609,000;0,000
79;3351982;3307,000;0,000
79;3337587;6162,000;0,000
79;3323793;6014,000;0,000
79;3309465;6128,000;0,000
79;3298001;5559,000;0,000
79;3303872;2075,000;0,000
79;3292606;5491,000;0,000
79;3278687;6053,000;0,000
79;3264476;6104,000;0,000
79;3251492;5862,000;0,000
79;3256470;2239,000;0,000
79;3242784;5984,000;0,000
79;3230820;5686,000;0,000
79;3217148;5967,000;0,000
79;3205945;5501,000;0,000
79;3193060;5836,000;0,000
79;3199531;1941,000;0,000
79;3185608;6074,000;0,000
79;3171401;6092,000;0,000
79;3170625;3417,000;0,000
80;3157096;5955,000;0,000
80;3142640;6159,000;0,000
80;3128487;6076,000;0,000
80;3115014;5954,000;0,000
80;3119095;2461,000;0,000
80;3111649;4714,000;0,000
80;3097447;6103,000;0,000
80;3083590;6034,000;0,000
80;3084319;3090,000;0,000
80;3072588;5597,000;0,000
80;3059193;5999,000;0,000
80;3045637;5903,000;0,000
80;3033264;5734,000;0,000
80;3020289;5854,000;0,000
80;3026804;1903,000;0,000
80;3015013;5659,000;0,000
80;3000744;6104,000;0,000
80;2985770;6258,000;0,000
80;2972952;5813,000;0,000
80;2960010;5852,000;0,000
80;2954492;2209,000;0,000
80;2957881;4711,000;0,000
80;2944480;5933,000;0,000
80;2930446;6076,000;0,000
80;2917633;5817,000;0,000
80;2916495;2661,000;0,000
80;2909788;5395,000;0,000
80;2909022;3403,000;0,000
80;2894504;6173,000;0,000
80;2880397;6080,000;0,000
80;2874462;2969,000;0,000
81;2874742;4639,000;0,000
81;2860108;6207,000;0,000
81;2847418;5796,000;0,000
81;2834101;5928,000;0,000
81;2826155;3388,000;0,000
81;2829797;3962,000;0,000
81;2815118;6203,000;0,000
81;2801295;6036,000;0,000
81;2787504;6007,000;0,000
81;2774587;5852,000;0,000
81;2764991;3949,000;0,000
81;2770589;3358,000;0,000
81;2755975;6189,000;0,000
81;2742049;6025,000;0,000
81;2728914;5893,000;0,000
81;2718727;4379,000;0,000
81;2727367;2446,000;0,000
81;2717226;5261,000;0,000
81;2702984;6118,000;0,000
81;2688251;6206,000;0,000
81;2675408;5838,000;0,000
81;2663491;5626,000;0,000
81;2651182;5781,000;0,000
81;2639859;4803,000;0,000
81;2649083;1427,000;0,000
81;2644158;4894,000;0,000
81;2630595;5981,000;0,000
81;2616628;6062,000;0,000
81;2603272;5935,000;0,000
81;2590647;5795,000;0,000
81;2578432;5213,000;0,000
82;2582051;3011,000;0,000
82;2567213;6206,000;0,000
82;2552891;6128,000;0,000
82;2538115;6215,000;0,000
82;2525931;5279,000;0,000
82;2532723;2285,000;0,000
82;2518884;6031,000;0,000
82;2505198;6009,000;0,000
82;2490942;6128,000;0,000
82;2477430;5946,000;0,000
82;2463973;5818,000;0,000
82;2473148;1533,000;0,000
82;2459033;6067,000;0,000
82;2445027;6064,000;0,000
82;2430878;6083,000;0,000
82;2419389;5561,000;0,000
82;2405009;6196,000;0,000
82;2414668;1262,000;0,000
82;2398945;6401,000;0,000
82;2385830;5866,000;0,000
82;2371737;6096,000;0,000
82;2357865;6023,000;0,000
82;2344392;5967,000;0,000
82;2354395;1226,000;0,000
82;2352075;3715,000;0,000
82;2349708;3720,000;0,000
82;2336002;5993,000;0,000
82;2322153;6032,000;0,000
82;2308720;5949,000;0,000
82;2295364;5935,000;0,000
82;2302646;1777,000;0,000
83;2291734;5432,000;0,000
83;2276579;6289,000;0,000
83;2262117;6194,000;0,000
83;2248296;6017,000;0,000
83;2234625;5972,000;0,000
83;2241638;1835,000;0,000
83;2239072;3756,000;0,000
83;2227851;5493,000;0,000
83;2213451;6157,000;0,000
83;2199152;6112,000;0,000
83;2186585;5768,000;0,000
83;2172659;6057,000;0,000
83;2160260;5715,000;0,000
83;2154817;2393,000;0,000
83;2154850;5191,000;0,000
83;2139156;6428,000;0,000
83;2125922;5881,000;0,000
83;2125892;3233,000;0,000
83;2114299;5593,000;0,000
83;2099933;6131,000;0,000
83;2085830;6092,000;0,000
83;2086988;2876,000;0,000
83;2077896;5271,000;0,000
83;2063354;6108,000;0,000
83;2049581;6009,000;0,000
83;2036151;5980,000;0,000
83;2034587;3125,000;0,000
83;2024681;5630,000;0,000
83;2010161;6168,000;0,000
83;1994944;6296,000;0,000
83;1981846;5958,000;0,000
84;1973287;3365,000;0,000
84;1984383;2545,000;0,000
84;1969772;6182,000;0,000
84;1955985;6024,000;0,000
84;1942120;6020,000;0,000
84;1930926;5513,000;0,000
84;1921902;3715,000;0,000
84;1924387;4079,000;0,000
84;1909871;6219,000;0,000
84;1895414;6108,000;0,000
84;1881789;5990,000;0,000
84;1872309;3893,000;0,000
84;1882698;2408,000;0,000
84;1873770;5041,000;0,000
84;1859274;6164,000;0,000
84;1845208;6074,000;0,000
84;1831533;6003,000;0,000
84;1817491;6115,000;0,000
84;1805411;5642,000;0,000
84;1794123;4793,000;0,000
84;1804197;1406,000;0,000
84;1799422;4728,000;0,000
84;1784716;6199,000;0,000
84;1782161;3746,000;0,000
84;1767521;6193,000;0,000
84;1754052;5944,000;0,000
84;1739403;6190,000;0,000
84;1727347;5298,000;0,000
84;1730844;2918,000;0,000
84;1716815;6062,000;0,000
84;1703036;6020,000;0,000
85;1688147;6250,000;0,000
85;1675886;5355,000;0,000
85;1682525;2250,000;0,000
85;1667723;6217,000;0,000
85;1653219;6228,000;0,000
85;1638579;6133,000;0,000
85;1626082;5607,000;0,000
85;1632758;2239,000;0,000
85;1619254;5781,000;0,000
85;1603806;6359,000;0,000
85;1588778;6256,000;0,000
85;1575074;6054,000;0,000
85;1560869;6077,000;0,000
85;1569347;1493,000;0,000
85;1554090;6324,000;0,000
85;1539978;6094,000;0,000
85;1524586;6356,000;0,000
85;1511797;5865,000;0,000
85;1496983;6175,000;0,000
85;1506315;1406,000;0,000
85;1491381;6214,000;0,000
85;1476944;6141,000;0,000
85;1461690;6303,000;0,000
85;1447743;6048,000;0,000
85;1434463;5917,000;0,000
85;1436606;1580,000;0,000
85;1437768;4228,000;0,000
85;1424429;5924,000;0,000
85;1410184;6108,000;0,000
85;1394677;6368,000;0,000
85;1380460;6101,000;0,000
86;1366831;5977,000;0,000
86;1371242;2388,000;0,000
86;1359264;5621,000;0,000
86;1346498;5813,000;0,000
86;1331278;6280,000;0,000
86;1318232;5878,000;0,000
86;1312497;2376,000;0,000
86;1313465;5061,000;0,000
86;1297912;6391,000;0,000
86;1283361;6156,000;0,000
86;1267964;6341,000;0,000
86;1254657;5908,000;0,000
86;1246863;3098,000;0,000
86;1250665;4183,000;0,000
86;1234992;6401,000;0,000
86;1220529;6140,000;0,000
86;1205602;6251,000;0,000
86;1191944;5993,000;0,000
86;1183319;3404,000;0,000
86;1189041;3647,000;0,000
86;1174227;6231,000;0,000
86;1172637;3546,000;0,000
86;1157766;6236,000;0,000
86;1148632;3768,000;0,000
86;1147661;4761,000;0,000
86;1133190;6154,000;0,000
86;1119044;6073,000;0,000
86;1105249;6025,000;0,000
86;1091599;5991,000;0,000
86;1081518;4037,000;0,000
86;1097293;1013,000;0,000
87;1087326;5545,000;0,000
87;1072389;6254,000;0,000
87;1058130;6108,000;0,000
87;1043578;6175,000;0,000
87;1029260;6127,000;0,000
87;1015503;6090,000;0,000
87;1002387;5123,000;0,000
87;1006313;3174,000;0,000
87;991501;6218,000;0,000
87;977160;6152,000;0,000
87;963226;6021,000;0,000
87;951714;5004,000;0,000
87;958234;2467,000;0,000
87;941186;6686,000;0,000
87;925852;6327,000;0,000
87;910757;6125,000;0,000
87;913608;2868,000;0,000
87;898522;6252,000;0,000
87;883715;6220,000;0,000
87;868684;6273,000;0,000
87;854892;6009,000;0,000
87;840374;6154,000;0,000
87;851749;940,000;0,000
87;837094;6205,000;0,000
87;823176;6088,000;0,000
87;807908;6284,000;0,000
87;795695;5701,000;0,000
87;780442;6315,000;0,000
87;790316;1266,000;0,000
87;783197;4667,000;0,000
87;768246;6251,000;0,000
88;754413;6020,000;0,000
88;757047;2726,000;0,000
88;741239;6398,000;0,000
88;726456;6234,000;0,000
88;711046;6383,000;0,000
88;696884;6026,000;0,000
88;681350;6382,000;0,000
88;676146;1894,000;0,000
88;680952;4669,000;0,000
88;666531;6155,000;0,000
88;652581;6041,000;0,000
88;637911;6198,000;0,000
88;624131;6022,000;0,000
88;618510;2357,000;0,000
88;621772;4600,000;0,000
88;606379;6326,000;0,000
88;591912;6168,000;0,000
88;577341;6160,000;0,000
88;563243;6079,000;0,000
88;561757;1758,000;0,000
88;566862;3991,000;0,000
88;552195;6192,000;0,000
88;537377;6211,000;0,000
88;522450;6241,000;0,000
88;509125;5901,000;0,000
88;500631;3402,000;0,000
88;505969;3719,000;0,000
88;491083;6234,000;0,000
88;476692;6126,000;0,000
88;461012;6395,000;0,000
88;447296;5997,000;0,000
89;40658;5741,000;0,000
89;54025;5416,000;0,000
89;64177;5500,000;0,000
89;77249;5417,000;0,000
89;89098;5462,000;0,000
89;100298;5646,000;0,000
89;111722;5553,000;0,000
89;123188;5344,000;0,000
89;134368;5620,000;0,000
89;147385;5360,000;0,000
89;160043;5376,000;0,000
89;170445;5680,000;0,000
89;184338;1700,000;0,000
89;235015;472,000;0,000
89;256289;4138,000;0,000
89;271867;4772,000;0,000
89;287322;4898,000;0,000
89;296265;2258,000;0,000
89;325734;536,000;0,000
89;379000;2692,000;0,000
89;394740;4829,000;0,000
89;408499;5059,000;0,000
89;417810;3094,000;0,000
89;416725;217,000;0,000
89;501185;1590,000;0,000
89;516755;4762,000;0,000
89;527527;3735,000;0,000
89;551064;515,000;0,000
89;605412;1545,000;0,000
89;622139;4521,000;0,000
89;635670;4264,000;0,000
90;673692;1083,000;0,000
90;688241;4943,000;0,000
90;703510;4276,000;0,000
90;720492;538,000;0,000
90;772405;862,000;0,000
90;794051;4627,000;0,000
90;808106;5023,000;0,000
90;822768;4881,000;0,000
90;821311;371,000;0,000
90;858315;310,000;0,000
90;918075;3669,000;0,000
90;933627;4930,000;0,000
90;939238;1040,000;0,000
90;973291;797,000;0,000
90;1024103;3397,000;0,000
90;1039432;4811,000;0,000
90;1054826;5155,000;0,000
90;1057558;1589,000;0,000
90;1061394;297,000;0,000
90;1150386;2519,000;0,000
90;1164340;4996,000;0,000
90;1173141;2327,000;0,000
90;1201289;450,000;0,000
90;1254380;2694,000;0,000
90;1267644;4878,000;0,000
90;1282634;4813,000;0,000
90;1292789;3056,000;0,000
90;1291800;216,000;0,000
90;1377781;1831,000;0,000
90;1393216;4805,000;0,000
90;1405156;3479,000;0,000
91;1418206;437,000;0,000
91;1485866;1479,000;0,000
91;1501980;4832,000;0,000
91;1517199;4904,000;0,000
91;1526644;4001,000;0,000
91;1529072;245,000;0,000
91;1605804;1212,000;0,000
91;1620843;4678,000;0,000
91;1634949;5100,000;0,000
91;1648923;4403,000;0,000
91;1651018;255,000;0,000
91;1695238;904,000;0,000
91;1744851;4063,000;0,000
91;1760000;4688,000;0,000
91;1772787;425,000;0,000
91;1811685;856,000;0,000
91;1852611;3639,000;0,000
91;1869244;4627,000;0,000
91;1884703;4801,000;0,000
91;1883968;914,000;0,000
91;1900516;455,000;0,000
91;1953484;980,000;0,000
91;2011780;3295,000;0,000
91;2027497;4640,000;0,000
91;2043347;4743,000;0,000
91;2046167;1522,000;0,000
91;2056317;304,000;0,000
91;2136483;2654,000;0,000
91;2154356;4345,000;0,000
91;2162270;2060,000;0,000
91;2185010;437,000;0,000
92;2249285;2253,000;0,000
92;2264810;4701,000;0,000
92;2280683;4880,000;0,000
92;2292140;2695,000;0,000
92;2291127;202,000;0,000
92;2375914;1475,000;0,000
92;2392035;4695,000;0,000
92;2407646;2307,000;0,000
92;2414340;391,000;0,000
92;2489327;1347,000;0,000
92;2506982;4479,000;0,000
92;2521327;4940,000;0,000
92;2533092;3934,000;0,000
92;2532079;202,000;0,000
92;2584050;959,000;0,000
92;2633174;4096,000;0,000
92;2646232;4478,000;0,000
92;2661570;389,000;0,000
92;2709511;966,000;0,000
92;2738038;4405,000;0,000
92;2755571;4570,000;0,000
92;2771783;647,000;0,000
92;2810348;695,000;0,000
92;2847874;3833,000;0,000
92;2864590;4595,000;0,000
92;2879659;4802,000;0,000
92;2880363;829,000;0,000
92;2896566;526,000;0,000
92;2973063;3148,000;0,000
92;2988358;4855,000;0,000
92;2991380;1260,000;0,000
93;3028837;561,000;0,000
93;3078983;3148,000;0,000
93;3096137;4480,000;0,000
93;3101356;1904,000;0,000
93;3143390;744,000;0,000
93;3184435;3077,000;0,000
93;3200255;4648,000;0,000
93;3218255;4363,000;0,000
93;3229354;2488,000;0,000
93;3228423;186,000;0,000
93;3313726;1843,000;0,000
93;3327798;4942,000;0,000
93;3339721;3009,000;0,000
93;3357615;463,000;0,000
93;3421040;1289,000;0,000
93;3436621;4762,000;0,000
93;3452945;4681,000;0,000
93;3465582;3639,000;0,000
93;3464587;199,000;0,000
93;3521613;747,000;0,000
93;3566440;4248,000;0,000
93;3580316;4304,000;0,000
93;3585600;223,000;0,000
93;3623029;724,000;0,000
93;3675318;4141,000;0,000
93;3689609;4881,000;0,000
93;3703379;508,000;0,000
93;3743420;800,000;0,000
93;3781143;3925,000;0,000
93;3795227;4909,000;0,000
93;3810014;4870,000;0,000
94;3812257;1247,000;0,000
94;3823388;356,000;0,000
94;3903478;2677,000;0,000
94;3918340;4863,000;0,000
94;3923652;1952,000;0,000
94;3955082;333,000;0,000
94;4009621;2737,000;0,000
94;4026723;4529,000;0,000
94;4037026;2334,000;0,000
94;4063039;639,000;0,000
94;4115629;2566,000;0,000
94;4131297;4758,000;0,000
94;4142120;3304,000;0,000
94;4173965;619,000;0,000
94;4216940;2280,000;0,000
94;4232102;4735,000;0,000
94;4248266;4636,000;0,000
94;4259704;3563,000;0,000
94;4258925;225,000;0,000
94;4331091;1067,000;0,000
94;4357345;4341,000;0,000
94;4370812;3999,000;0,000
94;4385496;489,000;0,000
94;4446526;1161,000;0,000
94;4461405;4889,000;0,000
94;4476884;4207,000;0,000
94;4486613;371,000;0,000
94;4524937;943,000;0,000
94;4568678;4292,000;0,000
94;4584609;4649,000;0,000
94;4601232;4632,000;0,000
95;4600063;550,000;0,000
95;4613296;435,000;0,000
95;4699529;2940,000;0,000
95;4714290;4714,000;0,000
95;4719210;1391,000;0,000
95;4747417;581,000;0,000
95;4805835;3024,000;0,000
95;4821642;4738,000;0,000
95;4829835;2260,000;0,000
95;4852815;313,000;0,000
95;4912775;2639,000;0,000
95;4928421;4656,000;0,000
95;4938943;2760,000;0,000
95;4965269;553,000;0,000
95;5016762;2248,000;0,000
95;5031479;4761,000;0,000
95;5047366;4698,000;0,000
95;5058616;3373,000;0,000
95;5057570;209,000;0,000
95;5136114;1055,000;0,000
95;5158150;4590,000;0,000
95;5171469;3992,000;0,000
95;5180004;323,000;0,000
95;5250917;984,000;0,000
95;5270302;4126,000;0,000
95;5284259;4081,000;0,000
95;5296968;447,000;0,000
95;5343011;883,000;0,000
95;5376971;4624,000;0,000
95;5391159;4724,000;0,000
95;5410088;577,000;0,000